source_meta_user_id,source_timestamp,no_of_events,source_data_network_public_ip,source_data_ssid,public_ip_user_count,source_data_device_model,source_data_device_name,device_model_user_count,device_name_user_count
9776473,2020-06-18T15:34:56.498000,41,113.161.26.206,empty,3269,SM-A315G,a31,9136,9167
9938197,2020-07-23T16:45:51.244000,1,113.161.26.206,.Scan & Go.,3269,Redmi Note 4,mido,4885,4708
5350885,2021-01-31T19:53:38.837000,16,113.161.26.206,empty,3269,"iPhone10,3",aVBob25lIGPhu6dhIGR1eQ==,76761,33
11586088,2021-09-25T19:12:14.843000,1,113.161.26.206,empty,3269,SM-A315G,a31,9136,9167
10217928,2020-09-11T20:20:20.287000,8,113.161.26.206,empty,3269,"iPhone10,2",TmhpIE5ndXnhu4Vu,69558,24
10272509,2020-09-21T17:14:22.113000,28,113.161.26.206,.Scan & Go.,3269,SM-C900F,c9lte,3509,3536
7228583,2020-10-02T15:46:35.931000,45,113.161.26.206,empty,3269,SM-A315G,a31,9136,9167
7269817,2020-09-12T08:46:51.067000,7,113.161.26.206,empty,3269,"iPhone9,1",aVBob25lICgyKQ==,41933,33980
9811741,2020-06-25T21:05:42.007000,1,113.161.26.206,empty,3269,SM-A315G,a31,9136,9167
10266922,2020-09-20T16:11:35.422000,14,113.161.26.206,.Scan & Go.,3269,CPH1859,CPH1859,1196,1196
9907763,2020-07-18T15:34:58.455000,16,113.161.26.206,empty,3269,SM-A315G,a31,9136,9167
9896537,2020-07-16T11:07:20.983000,1,113.161.26.206,.Scan & Go.,3269,Redmi Note 4,mido,4885,4708
11059712,2021-05-25T18:14:47.353000,3,113.161.26.206,.VM Tuoi Ngon Thuong Hang,3269,CPH1723,CPH1723,11549,11543
9876863,2020-07-12T09:26:52.974000,2,113.161.26.206,empty,3269,SM-A315G,a31,9136,9167
9779906,2020-06-19T11:56:29.058000,1,113.161.26.206,.Scan & Go.,3269,CPH1723,CPH1723,11549,11543
1022548,2020-07-12T14:40:38.032000,1,113.161.26.206,.Scan & Go.,3269,SM-J260G,j2corelte,463,467
10231423,2020-09-13T19:08:02.927000,13,113.161.26.206,.Scan & Go.,3269,CPH1825,CPH1825,26694,26694
3163564,2020-07-10T19:06:22.920000,1,113.161.26.206,empty,3269,SM-A315G,a31,9136,9167
9923177,2020-07-20T19:59:27.620000,1,113.161.26.206,.Scan & Go.,3269,SM-J730G,j7y17lte,36075,36406
450799,2020-11-04T21:05:34.618000,43,113.161.26.206,empty,3269,SM-A315G,a31,9136,9167
9947745,2020-07-25T11:05:57.340000,1,113.161.26.206,.Scan & Go.,3269,CPH1803,CPH1803,6753,6753
10680852,2021-01-09T08:40:00.146000,1,113.161.26.206,empty,3269,SM-A315G,a31,9136,9167
10109589,2020-08-23T08:53:01.340000,12,113.161.26.206,empty,3269,"iPhone9,1",TeG6uSBSaW4=,41933,1
5845512,2021-01-03T20:31:03.277000,17,113.161.26.206,empty,3269,SM-A315G,a31,9136,9167
9927035,2020-07-21T15:24:38.564000,7,113.161.26.206,empty,3269,vivo 1907,1907,1788,1784
6140625,2020-07-07T16:14:05.432000,1,113.161.26.206,.Scan & Go.,3269,SM-J260G,j2corelte,463,467
10148824,2020-08-30T20:20:17.506000,32,113.161.26.206,empty,3269,SM-A315G,a31,9136,9167
10324718,2020-10-03T21:11:39.491000,11,113.161.26.206,empty,3269,SM-A115F,a11q,7786,7787
9912221,2020-07-19T12:21:01.110000,41,113.161.26.206,empty,3269,SM-A315G,a31,9136,9167
5662444,2021-07-11T19:46:43.437000,1,113.161.26.206,empty,3269,SM-A107F,a10s,7653,7653
9857318,2020-07-07T14:06:22.707000,1,113.161.26.206,.Scan & Go.,3269,Redmi Note 4,mido,4885,4708
10137051,2020-08-28T12:16:33.761000,6,113.161.26.206,empty,3269,"iPhone8,1",aVBob25lIGPhu6dhIE5o4bqtdA==,115085,106
1579499,2021-07-21T18:28:16.068000,1,113.161.26.206,.VM Tuoi Ngon Thuong Hang,3269,CPH1825,CPH1825,26694,26694
9761119,2020-06-14T20:27:55.458000,40,113.161.26.206,.Scan & Go.,3269,SM-C710F,jadelte,11022,11022
5839860,2020-08-06T15:58:28.080000,48,113.161.26.206,empty,3269,SM-A315G,a31,9136,9167
2386690,2021-06-06T14:10:44.526000,7,113.161.26.206,.VM Tuoi Ngon Thuong Hang,3269,CPH1723,CPH1723,11549,11543
1828149,2020-10-11T17:19:09.425000,67,113.161.26.206,.Scan & Go.,3269,SM-N916K,tre3caltektt,88,88
3135613,2020-10-01T20:01:20.032000,3,113.161.26.206,.Scan & Go.,3269,CPH1723,CPH1723,11549,11543
7201142,2020-12-23T10:24:25.479000,38,113.161.26.206,empty,3269,SM-A315G,a31,9136,9167
4272378,2020-09-01T20:31:45.620000,24,113.161.26.206,empty,3269,SM-A705F,a70q,19751,19937
10147763,2020-08-30T17:37:42.747000,19,113.161.26.206,.Scan & Go.,3269,CPH1923,OP486C,4322,4322
10182894,2020-09-06T11:23:49.833000,18,113.161.26.206,empty,3269,SM-J730G,j7y17lte,36075,36406
11089943,2021-06-05T18:31:16.874000,7,113.161.26.206,empty,3269,SM-A315G,a31,9136,9167
5609847,2020-11-22T18:34:57.268000,2,113.161.26.206,.Scan & Go.,3269,CPH1923,OP486C,4322,4322
11575804,2021-09-21T08:59:54.220000,1,113.161.26.206,.VM Tuoi Ngon Thuong Hang,3269,CPH1803,CPH1803,6753,6753
9838416,2020-07-02T19:42:40.169000,33,113.161.26.206,empty,3269,SM-J730G,j7y17lte,36075,36406
7835091,2020-07-26T17:45:57.127000,18,113.161.26.206,.Scan & Go.,3269,SM-J260G,j2corelte,463,467
9266521,2020-07-09T16:12:19.948000,61,113.161.26.206,.Scan & Go.,3269,CPH1803,CPH1803,6753,6753
8139030,2020-07-12T21:57:16.529000,8,113.161.26.206,empty,3269,"iPhone12,1",QsOpIGN1dGU=,106853,1
4280052,2020-10-15T20:15:29.361000,29,113.161.26.206,empty,3269,TA-1021,PLE,1375,1379
5132820,2020-07-18T08:51:00.302000,1,113.161.26.206,.Scan & Go.,3269,Redmi Note 4,mido,4885,4708
10073112,2020-08-16T12:21:41.199000,1,113.161.26.206,.Scan & Go.,3269,CPH1801,CPH1801,3629,3629
10278361,2020-09-22T18:36:51.991000,3,113.161.26.206,empty,3269,"iPhone11,6",aVBob25lZGtrZGVr,225932,1
10294939,2020-09-26T09:48:23.384000,8,113.161.26.206,empty,3269,Redmi Note 9S,curtana,7315,7335
4983940,2020-08-16T16:02:49.593000,4,113.161.26.206,.Scan & Go.,3269,Redmi Note 4,mido,4885,4708
1428226,2020-10-02T21:45:40.083000,19,113.161.26.206,.Scan & Go.,3269,SM-G960F,starlte,5328,5276
11106084,2021-06-11T19:20:21.265000,10,113.161.26.206,.VM Tuoi Ngon Thuong Hang,3269,RMX2194,RECE4244,928,930
6578381,2020-09-27T14:36:16.278000,5,113.161.26.206,empty,3269,"iPhone10,4",QW4gTmhpw6pu,13437,86
7174823,2020-06-20T16:10:48.914000,6,113.161.26.206,empty,3269,SM-A705F,a70q,19751,19937
5299106,2021-04-09T18:32:27.603000,26,113.161.26.206,empty,3269,SM-A115F,a11q,7786,7787
3924851,2020-07-23T20:34:29.295000,1,113.161.26.206,empty,3269,Active 3,coconut,49615,49615
10195943,2020-09-08T10:01:26.593000,35,113.161.26.206,empty,3269,SM-A115F,a11q,7786,7787
7105546,2020-08-27T15:31:28.163000,8,113.161.26.206,empty,3269,"iPhone9,4",TcOheSBD4bunYSBDw7pj,175338,1
9945389,2020-07-24T20:48:09.117000,19,113.161.26.206,empty,3269,SM-A115F,a11q,7786,7787
1907014,2020-10-25T17:28:56.436000,22,113.161.26.206,.Scan & Go.,3269,CPH1819,CPH1819,14002,14002
10329801,2020-10-05T09:16:34.058000,42,113.161.26.206,empty,3269,SM-G950F,dreamlte,9820,9727
2360913,2020-07-21T20:35:21.292000,2,113.161.26.206,.Scan & Go.,3269,CPH1723,CPH1723,11549,11543
9817816,2020-06-27T12:29:14.273000,1,113.161.26.206,.Scan & Go.,3269,CPH1723,CPH1723,11549,11543
114324,2020-07-18T13:56:55.593000,62,113.161.26.206,empty,3269,SM-A207F,a20s,8819,8827
986367,2021-06-19T20:29:18.581000,4,113.161.26.206,.VM Tuoi Ngon Thuong Hang,3269,vivo 1906,1906,4409,4409
1761318,2020-11-14T19:00:24.580000,5,113.161.26.206,.Scan & Go.,3269,CPH1723,CPH1723,11549,11543
9869252,2020-07-10T15:41:12.584000,13,113.161.26.206,.Scan & Go.,3269,CPH1825,CPH1825,26694,26694
9902518,2020-07-17T15:43:13.495000,1,113.161.26.206,.Scan & Go.,3269,CPH1911,OP4883,9886,9887
10156045,2020-09-01T11:10:35.817000,1,113.161.26.206,.Scan & Go.,3269,SM-J260G,j2corelte,463,467
9794879,2020-06-21T17:52:13.223000,7,113.161.26.206,empty,3269,SM-G973U1,beyond1q,148,403
6198961,2020-08-07T20:30:49.050000,28,113.161.26.206,.Scan & Go.,3269,CPH1825,CPH1825,26694,26694
10023225,2020-08-08T10:06:42.532000,1,113.161.26.206,.Scan & Go.,3269,CPH1911,OP4883,9886,9887
4838037,2020-07-21T17:30:21.471000,2,113.161.26.206,empty,3269,Redmi 7,onc,4142,4141
10235240,2020-09-14T13:02:14.990000,6,113.161.26.206,.Scan & Go.,3269,F5122,F5122,705,705
10184708,2020-10-17T07:54:00.065000,48,113.161.26.206,.Scan & Go.,3269,CPH1825,CPH1825,26694,26694
10386589,2020-10-17T11:18:45.193000,3,113.161.26.206,empty,3269,"iPhone11,6",QWRtaW5pc3RyYXRvcuKAmXMgaVBob25l,225932,4957
1463059,2020-09-27T08:59:29.836000,37,113.161.26.206,.Scan & Go.,3269,CPH1825,CPH1825,26694,26694
10151457,2020-08-31T12:42:14.017000,3,113.161.26.206,empty,3269,"iPhone7,2",TWluaCBUaHV5,88721,25
7348008,2020-06-27T18:15:59.917000,9,113.161.26.206,.Scan & Go.,3269,CPH1825,CPH1825,26694,26694
10412963,2020-10-22T16:35:36.050000,3,113.161.26.206,empty,3269,SM-A217F,a21s,7904,7915
10316684,2020-10-01T20:24:35.892000,9,113.161.26.206,.Scan & Go.,3269,SM-G570Y,on5xelte,6319,6331
9913241,2020-07-19T16:22:00.576000,9,113.161.26.206,empty,3269,SM-A217F,a21s,7904,7915
2104983,2020-08-23T19:37:37.238000,27,113.161.26.206,.Scan & Go.,3269,CPH1825,CPH1825,26694,26694
3090761,2021-08-17T19:42:22.256000,2,113.161.26.206,empty,3269,CPH2113,OP4BA5L1,5446,6752
9983671,2020-07-31T15:34:41.629000,2,113.161.26.206,.Scan & Go.,3269,Redmi Note 4,mido,4885,4708
9833894,2020-07-01T16:18:49.829000,26,113.161.26.206,empty,3269,SM-A217F,a21s,7904,7915
1710789,2020-06-21T11:06:28.857000,2,113.161.26.206,.Scan & Go.,3269,CPH1723,CPH1723,11549,11543
1301585,2020-08-19T09:51:15.703000,36,113.161.26.206,.Scan & Go.,3269,SM-J730G,j7y17lte,36075,36406
10311920,2020-09-30T20:42:46.178000,3,113.161.26.206,.Scan & Go.,3269,CPH1803,CPH1803,6753,6753
9930832,2020-07-22T10:35:20.621000,14,113.161.26.206,.Scan & Go.,3269,CPH1923,OP486C,4322,4322
9862430,2020-07-08T18:55:35.412000,7,113.161.26.206,.Scan & Go.,3269,CPH1803,CPH1803,6753,6753
10242187,2020-09-15T20:47:08.686000,43,113.161.26.206,.Scan & Go.,3269,CPH2113,OP4BA5L1,5446,6752
3272429,2020-06-14T17:42:56.735000,1,113.161.26.206,.Scan & Go.,3269,CPH1803,CPH1803,6753,6753
10084495,2020-08-18T16:41:39.408000,64,113.161.26.206,.Scan & Go.,3269,TRT-L21A,HWTRT-Q,388,391
10324280,2020-10-03T19:52:43.317000,5,113.161.26.206,.Scan & Go.,3269,CPH1803,CPH1803,6753,6753
4375150,2021-04-19T19:51:52.424000,8,113.161.26.206,empty,3269,CPH2159,OP4F25L1,6122,6122
8125900,2020-09-02T19:18:49.836000,2,113.161.26.206,.Scan & Go.,3269,CPH1803,CPH1803,6753,6753
10002581,2021-06-28T10:08:58.856000,3,113.161.26.206,empty,3269,SM-N770F,r7,10784,10781
3613367,2020-08-26T20:30:40.444000,2,113.161.26.206,empty,3269,"iPhone7,1",TWF5YmFu4oCZcyBpUGhvbmU=,63673,2
10206862,2020-09-09T19:48:50.271000,18,113.161.26.206,empty,3269,Redmi Note 7,lavender,18603,18607
11197166,2021-07-04T17:39:58.555000,7,113.161.26.206,empty,3269,SM-A315G,a31,9136,9167
9925666,2020-07-21T10:56:25.512000,9,113.161.26.206,empty,3269,Redmi Note 7,lavender,18603,18607
5563205,2020-08-07T10:17:20.554000,56,113.161.26.206,empty,3269,SM-A920F,a9y18qlte,11447,11447
3602103,2020-06-14T11:38:19.890000,1,113.161.26.206,empty,3269,SM-A920F,a9y18qlte,11447,11447
10121539,2020-08-25T11:59:09.146000,25,113.161.26.206,empty,3269,SM-A305F,a30,13732,13840
1832257,2020-09-13T10:29:51.918000,44,113.161.26.206,.Scan & Go.,3269,SM-A305F,a30,13732,13840
10378117,2020-10-15T18:06:50.921000,8,113.161.26.206,empty,3269,"iPhone9,4",UGluIEJhcmlzdGE=,175338,1
2333610,2020-06-29T18:15:48.129000,32,113.161.26.206,.Scan & Go.,3269,CPH2061,OP4C77L1,1795,1795
1360033,2021-04-30T20:36:54.440000,1,113.161.26.206,.Scan & Go.,3269,"iPhone7,1",aVBob25lIGPhu6dhIEFkbWluaXN0cmF0b3IgN3MgcGx1cw==,63673,1
4566545,2020-10-08T20:56:51.687000,3,113.161.26.206,.Scan & Go.,3269,"iPhone8,2",VGh1IFNvY29sYQ==,146970,1
9915195,2020-07-19T19:52:22.690000,1,113.161.26.206,empty,3269,LGM-G600L,lucye,491,1627
3940833,2020-09-26T21:03:24.664000,72,113.161.26.206,empty,3269,SM-A730F,jackpot2lte,6593,6591
9850635,2020-07-05T19:56:25.671000,8,113.161.26.206,empty,3269,SM-A730F,jackpot2lte,6593,6591
7367671,2020-07-07T19:57:14.889000,26,113.161.26.206,empty,3269,SM-A730F,jackpot2lte,6593,6591
1529732,2021-10-03T19:40:49.409000,2,113.161.26.206,empty,3269,"iPhone12,1",RndkaWVt8J+QpQ==,106853,1
2473680,2020-07-12T09:40:19.759000,4,113.161.26.206,empty,3269,SM-A107F,a10s,7653,7653
9860402,2020-07-08T09:52:18.369000,1,113.161.26.206,.Scan & Go.,3269,CPH1723,CPH1723,11549,11543
1433870,2020-12-11T20:11:43.323000,2,113.161.26.206,empty,3269,SM-A705F,a70q,19751,19937
4217547,2021-02-06T14:17:54.199000,3,113.161.26.206,.Scan & Go.,3269,CPH1723,CPH1723,11549,11543
9751810,2020-06-13T14:32:41.189000,34,113.161.26.206,empty,3269,SM-A705F,a70q,19751,19937
9645847,2020-06-23T21:08:51.247000,12,113.161.26.206,empty,3269,SM-A705F,a70q,19751,19937
9888948,2020-07-14T18:46:50.808000,38,113.161.26.206,empty,3269,SM-A115F,a11q,7786,7787
8403017,2020-12-17T18:39:14.910000,1,113.161.26.206,empty,3269,"iPhone12,1",TGlsYWFhYWFhYWFhYWFhIA==,106853,1
260463,2020-06-24T11:08:53.893000,79,113.161.26.206,.Scan & Go.,3269,SM-A115F,a11q,7786,7787
7428185,2020-07-13T20:37:14.649000,58,113.161.26.206,empty,3269,Active 3,coconut,49615,49615
9823496,2020-06-28T18:51:40.847000,1,113.161.26.206,.Scan & Go.,3269,SM-J7109,j7xltectc,110,111
9992789,2020-08-02T10:36:26.637000,1,113.161.26.206,empty,3269,SM-A107F,a10s,7653,7653
75906,2021-04-04T19:46:14.345000,3,113.161.26.206,empty,3269,"iPhone9,1",SXBob25lIGPhu6dhIMOadA==,41933,4
10121474,2020-08-25T11:47:00.987000,3,113.161.26.206,.Scan & Go.,3269,"iPhone9,2",VGh14bqtbg==,129245,49
10107033,2020-08-22T18:41:44.370000,27,113.161.26.206,.Scan & Go.,3269,ATU-L42,HWATU-QG,337,342
10113340,2020-08-23T19:48:32.838000,52,113.161.26.206,.Scan & Go.,3269,CPH1819,CPH1819,14002,14002
10165555,2020-09-03T10:08:05.559000,1,113.161.26.206,empty,3269,"iPhone9,4",VGjhur8gQW5o,175338,48
8439684,2020-07-26T16:06:12.167000,1,113.161.26.206,empty,3269,SM-A207F,a20s,8819,8827
9966766,2020-07-28T12:14:24.014000,5,113.161.26.206,.Scan & Go.,3269,vivo 1611,1611,101,101
9770120,2020-06-16T20:24:04.514000,2,113.161.26.206,.Scan & Go.,3269,CPH1723,CPH1723,11549,11543
4604943,2020-09-18T16:17:57.980000,8,113.161.26.206,.Scan & Go.,3269,RMX2030,RMX2030,857,857
10286930,2020-09-24T15:10:42.278000,28,113.161.26.206,.Scan & Go.,3269,CPH1819,CPH1819,14002,14002
5841788,2020-07-14T15:22:29.995000,1,113.161.26.206,.Scan & Go.,3269,Redmi Note 5A Prime,ugg,435,470
10067587,2020-08-15T13:02:07.501000,32,113.161.26.206,empty,3269,SM-A207F,a20s,8819,8827
5617163,2020-08-20T17:32:58.596000,1,113.161.26.206,empty,3269,vivo 1906,1906,4409,4409
5265859,2021-09-15T10:49:20.963000,2,113.161.26.206,empty,3269,"iPhone12,1",aVBob25lIGPhu6dhIEFETUlO,106853,573
5341596,2020-09-11T09:06:04.279000,6,113.161.26.206,empty,3269,"iPhone12,1",aVBob25lIDExIGPhu6dhIEFu,106853,1
10062520,2020-08-14T14:58:48.677000,46,113.161.26.206,empty,3269,SM-A207F,a20s,8819,8827
10316804,2020-10-01T20:53:34.540000,2,113.161.26.206,.Scan & Go.,3269,CPH1825,CPH1825,26694,26694
6751099,2021-05-28T12:58:38.627000,65,113.161.26.206,empty,3269,vivo 1906,1906,4409,4409
1209729,2020-07-22T18:49:28.726000,8,113.161.26.206,#Vincom - MegaNet Free,3269,CPH1825,CPH1825,26694,26694
9848414,2020-07-05T11:27:54.596000,67,113.161.26.206,.Scan & Go.,3269,SM-C710F,jadelte,11022,11022
7528058,2020-07-07T10:11:30.476000,15,113.161.26.206,.Scan & Go.,3269,SM-C900F,c9lte,3509,3536
9274763,2020-07-10T21:13:17.927000,68,113.161.26.206,.Scan & Go.,3269,CPH1825,CPH1825,26694,26694
9877456,2020-07-12T11:05:34.397000,9,113.161.26.206,.Scan & Go.,3269,CPH1825,CPH1825,26694,26694
9827294,2020-06-29T18:53:06.072000,22,113.161.26.206,.Scan & Go.,3269,CPH1911,OP4883,9886,9887
9960613,2020-09-17T20:31:18.960000,14,113.161.26.206,empty,3269,"iPhone10,4",Q2jDuiBI4bqtdQ==,13437,1
6965014,2020-07-12T09:45:42.127000,37,113.161.26.206,.Scan & Go.,3269,SM-C710F,jadelte,11022,11022
10685377,2021-01-10T20:19:17.286000,5,113.161.26.206,.Scan & Go.,3269,CPH1911,OP4883,9886,9887
7530840,2020-07-09T20:43:46.163000,18,113.161.26.206,.Scan & Go.,3269,SM-C710F,jadelte,11022,11022
6345068,2020-09-30T14:24:38.092000,1,113.161.26.206,.Scan & Go.,3269,CPH1723,CPH1723,11549,11543
10044661,2020-08-11T13:14:18.165000,2,113.161.26.206,empty,3269,Redmi 7,onc,4142,4141
1648518,2020-06-30T09:28:45.169000,3,113.161.26.206,empty,3269,Redmi 7,onc,4142,4141
9906097,2020-07-18T09:56:26.440000,1,113.161.26.206,.Scan & Go.,3269,CPH1911,OP4883,9886,9887
9911113,2020-07-19T09:10:22.540000,5,113.161.26.206,empty,3269,Redmi Note 5,whyred,10176,10216
10351116,2020-10-09T20:29:10.536000,2,113.161.26.206,.Scan & Go.,3269,SM-C710F,jadelte,11022,11022
9759788,2020-06-14T17:02:23.621000,31,113.161.26.206,.Scan & Go.,3269,CPH1911,OP4883,9886,9887
4335442,2021-05-11T17:34:01.594000,13,113.161.26.206,empty,3269,SM-J730G,j7y17lte,36075,36406
586184,2020-06-15T08:47:48.974000,17,113.161.26.206,.Scan & Go.,3269,CPH1723,CPH1723,11549,11543
8026728,2020-08-30T21:19:18.910000,4,113.161.26.206,.Scan & Go.,3269,CPH1723,CPH1723,11549,11543
8280260,2021-10-02T20:14:30.022000,1,113.161.26.206,empty,3269,SM-A217F,a21s,7904,7915
10636321,2020-12-24T13:22:57.157000,1,113.161.26.206,.Scan & Go.,3269,CPH1723,CPH1723,11549,11543
5184446,2020-09-15T15:47:23.534000,4,113.161.26.206,.Scan & Go.,3269,CPH1723,CPH1723,11549,11543
10165990,2020-09-03T11:39:32.661000,2,113.161.26.206,empty,3269,"iPhone6,1",SE8gVkFOIFRIT0k=,9834,1
10151189,2020-08-31T11:34:07.815000,12,113.161.26.206,.Scan & Go.,3269,CPH1723,CPH1723,11549,11543
6936789,2020-08-23T12:44:58.937000,4,113.161.26.206,empty,3269,"iPhone11,6",aVBob25lIGPhu6dhIG5o4bqtdCBow6A=,225932,1
9877334,2020-07-12T10:43:21.001000,32,113.161.26.206,empty,3269,Active 3,coconut,49615,49615
9928527,2020-07-21T19:25:13.334000,15,113.161.26.206,.Scan & Go.,3269,CPH1723,CPH1723,11549,11543
10346314,2020-10-08T19:21:34.050000,13,113.161.26.206,empty,3269,Active 3,coconut,49615,49615
10996979,2021-05-02T19:23:50.503000,27,113.161.26.206,.Scan & Go.,3269,SM-J320G,j3xlte,758,762
3764077,2020-09-29T08:14:33.589000,82,113.161.26.206,.Scan & Go.,3269,SM-J730G,j7y17lte,36075,36406
5763129,2020-09-17T15:12:13.652000,65,113.161.26.206,empty,3269,TA-1004,NB1,871,882
10343687,2020-10-08T10:04:52.496000,2,113.161.26.206,empty,3269,"iPhone12,1",aVBob25lIGPhu6dhIFF1YW4=,106853,127
10168631,2020-09-03T20:30:17.952000,1,113.161.26.206,empty,3269,SM-J730G,j7y17lte,36075,36406
5717387,2020-09-14T12:39:27.160000,9,113.161.26.206,.Scan & Go.,3269,CPH1723,CPH1723,11549,11543
3209930,2020-08-26T20:18:43.229000,119,113.161.26.206,.Scan & Go.,3269,CPH1803,CPH1803,6753,6753
10310865,2020-09-30T16:18:51.739000,25,113.161.26.206,empty,3269,SM-A705F,a70q,19751,19937
8119754,2020-07-15T11:46:58.952000,35,113.161.26.206,empty,3269,SM-J730G,j7y17lte,36075,36406
6519205,2020-07-22T12:17:14.017000,1,113.161.26.206,.Scan & Go.,3269,SM-J410F,j4corelte,1134,1134
9786761,2020-11-15T15:26:19.771000,2,113.161.26.206,empty,3269,"iPhone11,2",aVBob25lICgyKQ==,53515,33980
10111008,2020-08-23T13:09:11.804000,2,113.161.26.206,.Scan & Go.,3269,CPH1723,CPH1723,11549,11543
10148547,2020-08-30T19:33:34.844000,20,113.161.26.206,.Scan & Go.,3269,SM-J730G,j7y17lte,36075,36406
4320073,2020-06-26T19:46:35.242000,63,113.161.26.206,empty,3269,SM-A530F,jackpotlte,6116,6150
6746186,2020-08-24T12:59:51.747000,7,113.161.26.206,empty,3269,SM-J730G,j7y17lte,36075,36406
5072398,2020-07-26T20:19:02.033000,1,113.161.26.206,.Scan & Go.,3269,CPH1723,CPH1723,11549,11543
9740605,2020-06-11T17:41:31.714000,26,113.161.26.206,.Scan & Go.,3269,SM-J730G,j7y17lte,36075,36406
3823133,2020-08-31T19:57:07.292000,30,113.161.26.206,empty,3269,SM-A530F,jackpotlte,6116,6150
9794068,2020-06-21T15:03:17.953000,6,113.161.26.206,.Scan & Go.,3269,CPH1723,CPH1723,11549,11543
5302941,2020-10-18T15:10:32.923000,6,113.161.26.206,empty,3269,SM-A530F,jackpotlte,6116,6150
2244619,2020-09-29T15:27:23.941000,16,113.161.26.206,empty,3269,SM-J730G,j7y17lte,36075,36406
9906397,2020-07-18T10:43:04.595000,14,113.161.26.206,.Scan & Go.,3269,CPH1803,CPH1803,6753,6753
6812602,2020-07-10T21:03:12.457000,2,113.161.26.206,.Scan & Go.,3269,CPH1803,CPH1803,6753,6753
10300171,2020-09-27T16:24:20.449000,16,113.161.26.206,.Scan & Go.,3269,CPH1923,OP486C,4322,4322
9947512,2020-07-25T10:30:08.429000,1,113.161.26.206,empty,3269,SM-J730G,j7y17lte,36075,36406
10286581,2020-09-24T13:18:45.332000,20,113.161.26.206,.Scan & Go.,3269,CPH1923,OP486C,4322,4322
6686840,2021-02-25T18:39:27.094000,16,113.161.26.206,empty,3269,"iPhone11,8",aVBob25lICgyKQ==,41811,33980
9819793,2020-06-27T20:19:44.678000,8,113.161.26.206,.Scan & Go.,3269,CPH1923,OP486C,4322,4322
10192706,2020-09-07T18:20:15.052000,7,113.161.26.206,empty,3269,"iPhone11,6",aVBob25lIGPhu6dhIFRyYW0gYW5o,225932,3
10096285,2020-08-20T19:20:20.035000,1,113.161.26.206,.Scan & Go.,3269,CPH1803,CPH1803,6753,6753
9870434,2020-07-10T19:18:37.661000,35,113.161.26.206,empty,3269,Nokia 7.2,DDV_sprout,2437,2436
8495572,2020-07-19T16:48:10.969000,1,113.161.26.206,.Scan & Go.,3269,CPH1803,CPH1803,6753,6753
10378327,2020-10-15T18:43:03.373000,70,113.161.26.206,empty,3269,SM-J600G,j6lte,9559,9584
10355424,2020-10-10T20:00:05.799000,9,113.161.26.206,.Scan & Go.,3269,X9009,X9009,1780,1780
9955343,2020-07-26T16:38:45.297000,30,113.161.26.206,empty,3269,SM-J600G,j6lte,9559,9584
9857300,2020-07-07T13:59:43.398000,1,113.161.26.206,empty,3269,SM-A600N,a6lteks,46,46
867093,2020-06-13T14:13:27.485000,76,113.161.26.206,empty,3269,SM-A015F,a01q,930,931
8040512,2020-09-19T17:59:44.377000,3,113.161.26.206,empty,3269,"iPhone8,2",aVBob25lIGPhu6dhIETFqW5n,146970,514
9883393,2020-07-13T15:36:38.163000,1,113.161.26.206,empty,3269,Joy 2+,V420A,22129,22129
11539841,2021-09-08T13:32:32.790000,1,113.161.26.206,.VM Tuoi Ngon Thuong Hang,3269,SM-J410F,j4corelte,1134,1134
6274761,2020-10-04T15:03:21.445000,2,113.161.26.206,.Scan & Go.,3269,CPH1801,CPH1801,3629,3629
10267233,2020-09-20T16:51:38.637000,24,113.161.26.206,.Scan & Go.,3269,SM-A920F,a9y18qlte,11447,11447
10298924,2020-09-27T10:42:32.494000,6,113.161.26.206,empty,3269,"iPhone10,5",aVBob25lIGPhu6dhIEjDoA==,97526,1166
9906052,2020-07-18T09:48:55.275000,1,113.161.26.206,.Scan & Go.,3269,SM-J410F,j4corelte,1134,1134
9850227,2020-07-05T18:41:02.433000,3,113.161.26.206,empty,3269,SM-A305F,a30,13732,13840
11066207,2021-05-27T19:33:55.058000,11,113.161.26.206,.VM Tuoi Ngon Thuong Hang,3269,V2035,2036,501,502
4542784,2020-07-03T16:57:35.252000,53,113.161.26.206,empty,3269,SM-A305F,a30,13732,13840
10260533,2020-09-19T14:37:32.384000,4,113.161.26.206,empty,3269,"iPhone10,6",8J+NiQ==,104574,48
9829153,2020-06-30T10:08:08.457000,1,113.161.26.206,empty,3269,SM-A305F,a30,13732,13840
1655003,2021-01-09T11:19:59.637000,4,113.161.26.206,.Scan & Go.,3269,vivo 1718,1718,1026,1026
9870615,2020-07-10T19:51:50.307000,1,113.161.26.206,.Scan & Go.,3269,vivo 1718,1718,1026,1026
2634247,2020-07-10T19:52:15.661000,8,113.161.26.206,.Scan & Go.,3269,vivo 1718,1718,1026,1026
10106289,2020-08-22T16:53:31.429000,1,113.161.26.206,.Scan & Go.,3269,CPH1717,CPH1717,555,555
10323795,2020-10-03T18:16:43.941000,50,113.161.26.206,empty,3269,vivo 1935,1935,823,823
10992358,2021-04-30T16:48:00.036000,6,113.161.26.206,empty,3269,"iPhone11,6",8J+MuA==,225932,143
11164179,2021-06-28T10:17:25.550000,3,113.161.26.206,.VM Tuoi Ngon Thuong Hang,3269,CPH1825,CPH1825,26694,26694
10143980,2020-08-29T19:11:23.475000,5,113.161.26.206,.Scan & Go.,3269,RMX1919,RMX1919,2767,2767
9947461,2020-07-25T10:24:34.448000,46,113.161.26.206,.Scan & Go.,3269,RMX1919,RMX1919,2767,2767
10268785,2020-09-20T20:35:16.813000,2,113.161.26.206,.Scan & Go.,3269,"iPhone7,1",aVBob25lIDI=,63673,82
10267382,2020-09-20T17:14:14.474000,2,113.161.26.206,empty,3269,"iPhone7,1",aVBob25lIGPhu6dhIFRo4bqjbw==,63673,1092
1638006,2020-08-11T13:31:29.452000,25,113.161.26.206,empty,3269,SM-A730F,jackpot2lte,6593,6591
10307513,2020-09-29T16:09:42.274000,2,113.161.26.206,.Scan & Go.,3269,CPH1901,CPH1901,2054,2054
10038000,2020-08-10T10:40:30.515000,5,113.161.26.206,.Scan & Go.,3269,vivo 1814,1814,692,692
9848133,2020-07-05T10:31:22.901000,1,113.161.26.206,.Scan & Go.,3269,SM-G570Y,on5xelte,6319,6331
10182577,2020-09-06T10:40:59.021000,48,113.161.26.206,empty,3269,SM-A730F,jackpot2lte,6593,6591
10050397,2020-08-12T11:00:03.840000,1,113.161.26.206,.Scan & Go.,3269,CPH1825,CPH1825,26694,26694
5804724,2020-10-02T16:06:37.398000,16,113.161.26.206,empty,3269,"iPhone10,2",aVBob25lICgzKQ==,69558,5116
10183901,2020-09-06T14:17:26.454000,1,113.161.26.206,empty,3269,SM-G885F,astarqlte,3536,3550
9941242,2020-09-17T08:15:50.002000,5,113.161.26.206,empty,3269,"iPhone11,8",QW5oIFRoxrA=,41811,247
4207481,2020-06-24T12:54:36.003000,1,113.161.26.206,.Scan & Go.,3269,SM-J320G,j3xlte,758,762
10388695,2020-10-17T17:17:27.692000,8,113.161.26.206,empty,3269,JKM-LX2,HWJKM-H,4537,4548
10365070,2020-10-12T20:12:35.732000,12,113.161.26.206,empty,3269,"iPhone10,6",VGh1IFbDom4=,104574,27
10126045,2020-08-26T09:49:29.569000,1,113.161.26.206,empty,3269,"iPhone7,2",aVBob25lIGPhu6dhIFZ1b25nbGFj,88721,1
6169283,2020-09-30T09:49:16.144000,15,113.161.26.206,empty,3269,SM-A107F,a10s,7653,7653
6178663,2020-09-02T19:01:32.855000,10,113.161.26.206,.Scan & Go.,3269,CPH1725,CPH1725,3540,3540
2970237,2020-06-16T19:29:26.553000,22,113.161.26.206,empty,3269,SM-A107F,a10s,7653,7653
8603036,2020-07-20T20:15:09.005000,3,113.161.26.206,.Scan & Go.,3269,CPH1725,CPH1725,3540,3540
9877550,2020-07-12T11:21:23.420000,2,113.161.26.206,.Scan & Go.,3269,CPH1803,CPH1803,6753,6753
11572125,2021-09-19T16:46:38.011000,1,113.161.26.206,empty,3269,SM-A115F,a11q,7786,7787
9897552,2020-07-16T15:38:34.552000,1,113.161.26.206,empty,3269,SM-A107F,a10s,7653,7653
9938099,2020-07-23T16:31:09.700000,5,113.161.26.206,.Scan & Go.,3269,CPH1725,CPH1725,3540,3540
6132261,2020-06-14T14:19:05.470000,37,113.161.26.206,.Scan & Go.,3269,RMX2030,RMX2030,857,857
9929464,2020-09-11T18:21:23.857000,5,113.161.26.206,empty,3269,"iPhone8,2",aVBob25lIGPhu6dhIEto4bqjaQ==,146970,53
9895776,2020-07-16T08:38:14.884000,69,113.161.26.206,empty,3269,SM-A207F,a20s,8819,8827
2797446,2020-08-09T14:06:14.093000,1,113.161.26.206,.Scan & Go.,3269,CPH1725,CPH1725,3540,3540
10355632,2020-10-10T20:34:53.176000,29,113.161.26.206,empty,3269,SM-A705F,a70q,19751,19937
8250485,2020-09-04T09:36:53.418000,33,113.161.26.206,empty,3269,SM-A115F,a11q,7786,7787
10128868,2020-10-03T17:00:02.477000,4,113.161.26.206,empty,3269,"iPhone7,1",aVBob25lIGPhu6dhIEh1eeG7gW4=,63673,915
10132280,2020-08-27T14:37:07.448000,5,113.161.26.206,empty,3269,"iPhone9,2",RMawxqFu8J+lsPCfpbA=,129245,1
4338452,2020-08-15T11:09:41.858000,3,113.161.26.206,empty,3269,SM-A107F,a10s,7653,7653
10242116,2020-09-15T20:37:30.799000,28,113.161.26.206,empty,3269,SM-A107F,a10s,7653,7653
9897483,2020-07-16T15:21:29.052000,10,113.161.26.206,empty,3269,SM-A207F,a20s,8819,8827
9985183,2020-07-31T19:20:03.294000,32,113.161.26.206,empty,3269,JKM-LX2,HWJKM-H,4537,4548
10013916,2020-08-06T15:13:13.268000,10,113.161.26.206,.Scan & Go.,3269,CPH1819,CPH1819,14002,14002
4323225,2021-09-15T11:01:23.069000,2,113.161.26.206,empty,3269,"iPhone9,3",VGhv4oCZcyBpUGhvbmU=,57940,23
9266854,2020-06-25T21:27:53.172000,66,113.161.26.206,.Scan & Go.,3269,CPH1819,CPH1819,14002,14002
10101663,2020-08-21T19:10:57.730000,82,113.161.26.206,.Scan & Go.,3269,CPH1723,CPH1723,11549,11543
10155316,2020-09-01T08:30:27.872000,4,113.161.26.206,.Scan & Go.,3269,CPH1725,CPH1725,3540,3540
9939143,2020-07-23T19:08:05.380000,35,113.161.26.206,empty,3269,SM-A115F,a11q,7786,7787
10335432,2020-10-06T14:30:45.479000,9,113.161.26.206,.Scan & Go.,3269,CPH1819,CPH1819,14002,14002
10088997,2020-08-19T13:11:18.184000,9,113.161.26.206,empty,3269,ASUS_X00TD,ASUS_X00T_2,1736,1124
10295135,2020-09-26T10:37:08.574000,16,113.161.26.206,empty,3269,SM-A207F,a20s,8819,8827
3923950,2021-04-29T19:52:39.467000,16,113.161.26.206,empty,3269,SM-N980F,c1s,2764,2770
10235803,2020-09-14T15:37:15.299000,25,113.161.26.206,empty,3269,SM-A207F,a20s,8819,8827
3650106,2021-01-29T10:31:50.013000,21,113.161.26.206,empty,3269,SM-N980F,c1s,2764,2770
10702505,2021-01-16T15:41:06.595000,28,113.161.26.206,empty,3269,SM-A107F,a10s,7653,7653
824360,2020-10-14T13:34:49.486000,3,113.161.26.206,empty,3269,"iPhone12,5",Q3VuZyBUw6Ju,141807,1
9850929,2020-07-05T20:42:34.967000,1,113.161.26.206,.Scan & Go.,3269,CPH1819,CPH1819,14002,14002
10070058,2020-08-15T20:05:43.895000,8,113.161.26.206,empty,3269,SM-N960U,crownqltesq,1807,1848
5612395,2020-07-16T13:14:11.259000,45,113.161.26.206,empty,3269,SM-A107F,a10s,7653,7653
10268828,2020-09-20T20:42:16.269000,9,113.161.26.206,empty,3269,SM-A107F,a10s,7653,7653
9804198,2020-06-23T20:52:33.252000,56,113.161.26.206,empty,3269,SM-A207F,a20s,8819,8827
513785,2020-07-10T20:26:38.937000,6,113.161.26.206,.Scan & Go.,3269,PCHM10,OP4A4D,81,81
10127899,2020-08-26T17:12:00.470000,25,113.161.26.206,empty,3269,SM-A207F,a20s,8819,8827
3059437,2020-08-24T12:44:11.332000,2,113.161.26.206,.Scan & Go.,3269,CPH1723,CPH1723,11549,11543
4235800,2021-04-21T09:21:06.743000,16,113.161.26.206,empty,3269,SM-A207F,a20s,8819,8827
10358320,2020-10-11T14:14:43.579000,6,113.161.26.206,empty,3269,"iPhone12,5",S2jDtGkgbXk=,141807,1
8955854,2020-08-19T12:47:39.042000,44,113.161.26.206,empty,3269,SM-A207F,a20s,8819,8827
9895850,2020-07-16T09:01:33.569000,1,113.161.26.206,empty,3269,vivo 1906,1906,4409,4409
10346421,2020-10-08T19:37:48.455000,2,113.161.26.206,.Scan & Go.,3269,CPH1819,CPH1819,14002,14002
10309961,2020-09-30T10:57:41.758000,42,113.161.26.206,empty,3269,SM-M205G,m20lte,8111,8118
10085944,2020-08-18T20:13:29.938000,1,113.161.26.206,.Scan & Go.,3269,CPH1819,CPH1819,14002,14002
9874498,2020-07-11T18:04:46.893000,2,113.161.26.206,empty,3269,vivo 1906,1906,4409,4409
10227910,2020-09-13T12:08:34.810000,2,113.161.26.206,.Scan & Go.,3269,unknown,unknown,39,75
9922702,2020-07-20T19:03:28.419000,24,113.161.26.206,.Scan & Go.,3269,SM-G570Y,on5xelte,6319,6331
10335982,2020-10-06T16:36:06.546000,6,113.161.26.206,empty,3269,"iPhone8,1",Q29wZXJhbmd0aHVh,115085,1
9891472,2020-07-15T10:34:49.874000,1,113.161.26.206,.Scan & Go.,3269,CPH1825,CPH1825,26694,26694
7424671,2020-10-28T17:55:06.725000,7,113.161.26.206,.Scan & Go.,3269,vivo 1727,1727,297,296
9846021,2020-07-04T18:57:10.099000,13,113.161.26.206,.Scan & Go.,3269,CPH1825,CPH1825,26694,26694
456374,2021-03-22T17:09:12.238000,9,113.161.26.206,empty,3269,"iPhone12,5",S2lEdSBMZWU=,141807,1
4480212,2020-07-25T12:57:28.781000,29,113.161.26.206,.Scan & Go.,3269,CPH1825,CPH1825,26694,26694
10267523,2020-09-20T17:33:05.746000,16,113.161.26.206,empty,3269,"iPhone12,1",VG9reW8=,106853,1
9808884,2020-06-25T08:31:34.039000,35,113.161.26.206,.Scan & Go.,3269,SM-G570Y,on5xelte,6319,6331
10325773,2020-10-04T09:38:13.524000,35,113.161.26.206,empty,3269,Active 3,coconut,49615,49615
10196351,2020-09-08T11:16:48.647000,1,113.161.26.206,.Scan & Go.,3269,CPH1825,CPH1825,26694,26694
4825301,2020-07-04T12:21:00.896000,18,113.161.26.206,.Scan & Go.,3269,SM-C710F,jadelte,11022,11022
2071300,2020-08-02T11:14:58.169000,65,113.161.26.206,.Scan & Go.,3269,CPH1825,CPH1825,26694,26694
1330192,2021-07-11T19:57:45.288000,1,113.161.26.206,.VM Tuoi Ngon Thuong Hang,3269,CPH1911,OP4883,9886,9887
177454,2020-09-27T13:44:03.678000,13,113.161.26.206,.Scan & Go.,3269,SM-C900F,c9lte,3509,3536
9939375,2020-07-23T19:43:41.528000,37,113.161.26.206,.Scan & Go.,3269,SM-C710F,jadelte,11022,11022
8190561,2020-09-29T21:28:59.149000,29,113.161.26.206,.Scan & Go.,3269,CPH1825,CPH1825,26694,26694
1419583,2020-06-16T21:14:30.288000,6,113.161.26.206,.Scan & Go.,3269,SM-G570Y,on5xelte,6319,6331
9877014,2020-07-12T09:51:40.340000,22,113.161.26.206,.Scan & Go.,3269,CPH1825,CPH1825,26694,26694
9906550,2020-07-18T11:09:23.928000,12,113.161.26.206,.Scan & Go.,3269,CPH1911,OP4883,9886,9887
2460741,2020-09-21T20:12:43.687000,46,113.161.26.206,.Scan & Go.,3269,CPH1825,CPH1825,26694,26694
6677501,2020-07-21T19:33:26.318000,29,113.161.26.206,.Scan & Go.,3269,CPH1911,OP4883,9886,9887
9933971,2020-07-22T20:14:18.218000,1,113.161.26.206,.Scan & Go.,3269,CPH1825,CPH1825,26694,26694
10179066,2020-09-05T20:08:26.121000,2,113.161.26.206,.Scan & Go.,3269,SM-C710F,jadelte,11022,11022
9898903,2020-07-16T19:18:37.210000,1,113.161.26.206,.Scan & Go.,3269,Redmi Note 5,whyred,10176,10216
9875067,2020-07-11T19:36:03.191000,30,113.161.26.206,.Scan & Go.,3269,CPH1911,OP4883,9886,9887
4713804,2020-07-18T11:08:05.050000,28,113.161.26.206,.Scan & Go.,3269,CPH1911,OP4883,9886,9887
8108151,2020-09-24T21:16:28.415000,5,113.161.26.206,empty,3269,"iPhone8,2",aVBob25lNnMgUGx1cw==,146970,10
6092093,2020-08-30T11:37:36.147000,20,113.161.26.206,.Scan & Go.,3269,CPH1911,OP4883,9886,9887
9878282,2020-07-12T14:25:06.003000,3,113.161.26.206,empty,3269,Redmi 7,onc,4142,4141
9845947,2020-07-04T18:42:58.150000,18,113.161.26.206,.Scan & Go.,3269,CPH1825,CPH1825,26694,26694
9822710,2020-06-28T16:24:49.461000,1,113.161.26.206,.Scan & Go.,3269,SM-C710F,jadelte,11022,11022
969688,2020-11-08T13:56:54.729000,4,113.161.26.206,.Scan & Go.,3269,CPH1723,CPH1723,11549,11543
11563498,2021-09-16T10:49:45.321000,1,113.161.26.206,.VM Tuoi Ngon Thuong Hang,3269,"iPhone7,2",S2jhuqMgSMOibuKdpO+4jw==,88721,1
9757035,2020-06-14T09:26:38.595000,1,113.161.26.206,.Scan & Go.,3269,CPH1825,CPH1825,26694,26694
3513932,2020-08-11T20:06:27.897000,31,113.161.26.206,.Scan & Go.,3269,CPH1911,OP4883,9886,9887
9819387,2020-06-27T19:03:15.717000,4,113.161.26.206,.Scan & Go.,3269,CPH1723,CPH1723,11549,11543
9995285,2020-08-02T18:54:15.459000,7,113.161.26.206,.Scan & Go.,3269,SM-C710F,jadelte,11022,11022
9586748,2020-10-13T18:52:19.064000,20,113.161.26.206,.Scan & Go.,3269,CPH1825,CPH1825,26694,26694
10083738,2020-08-18T14:04:51.811000,11,113.161.26.206,empty,3269,SM-J730G,j7y17lte,36075,36406
9842230,2020-07-03T19:59:43.806000,32,113.161.26.206,.Scan & Go.,3269,CPH1825,CPH1825,26694,26694
7982187,2020-07-03T19:28:06.415000,66,113.161.26.206,empty,3269,SM-A217F,a21s,7904,7915
9835364,2020-10-06T20:45:41.438000,8,113.161.26.206,empty,3269,"iPhone11,6",THlseQ==,225932,121
9310137,2020-09-19T19:51:08.093000,7,113.161.26.206,empty,3269,"iPhone10,6",Tmfhu41jIExhbg==,104574,118
10171261,2020-09-04T14:33:32.352000,1,113.161.26.206,.Scan & Go.,3269,CPH1723,CPH1723,11549,11543
4511078,2020-10-17T19:54:55.071000,31,113.161.26.206,empty,3269,SM-A217F,a21s,7904,7915
4996181,2020-09-22T20:06:30.082000,64,113.161.26.206,.Scan & Go.,3269,SM-G570Y,on5xelte,6319,6331
3384283,2020-08-29T13:10:53.937000,1,113.161.26.206,empty,3269,SM-J730G,j7y17lte,36075,36406
2878134,2020-10-17T12:57:20.015000,2,113.161.26.206,.Scan & Go.,3269,CPH1723,CPH1723,11549,11543
9824056,2020-06-28T20:44:42.895000,1,113.161.26.206,.Scan & Go.,3269,CPH1723,CPH1723,11549,11543
6613179,2020-09-20T19:35:10.785000,30,113.161.26.206,.Scan & Go.,3269,CPH1825,CPH1825,26694,26694
5127391,2020-12-31T20:39:15.071000,17,113.161.26.206,.Scan & Go.,3269,CPH2109,OP4BA5L1,1302,6752
697858,2020-07-11T17:39:14.015000,7,113.161.26.206,.Scan & Go.,3269,CPH1723,CPH1723,11549,11543
9229819,2020-07-13T19:35:34.460000,65,113.161.26.206,empty,3269,SM-G950F,dreamlte,9820,9727
9826292,2020-06-29T15:08:33.193000,17,113.161.26.206,.Scan & Go.,3269,CPH1825,CPH1825,26694,26694
9725371,2020-10-07T15:03:37.942000,8,113.161.26.206,empty,3269,SM-J730G,j7y17lte,36075,36406
1138089,2020-09-12T17:00:03.458000,27,113.161.26.206,.Scan & Go.,3269,CPH1825,CPH1825,26694,26694
10023815,2020-08-08T11:56:00.219000,8,113.161.26.206,.Scan & Go.,3269,CPH1723,CPH1723,11549,11543
10029591,2020-08-09T10:46:39.865000,10,113.161.26.206,.Scan & Go.,3269,CPH1803,CPH1803,6753,6753
6930475,2021-01-23T17:48:21.517000,1,113.161.26.206,.Scan & Go.,3269,"iPhone7,1",QWRtaW5pc3RyYXRvcuKAmXMgaVBob25l,63673,4957
10176683,2020-09-05T14:35:22.822000,1,113.161.26.206,empty,3269,SM-A705F,a70q,19751,19937
2610260,2020-08-12T18:50:08.737000,5,113.161.26.206,empty,3269,"iPhone9,3",VGh14bu3,57940,372
10124126,2020-08-25T20:10:42.155000,21,113.161.26.206,.Scan & Go.,3269,CPH1825,CPH1825,26694,26694
4612751,2020-07-25T09:27:52.837000,3,113.161.26.206,empty,3269,SM-J730G,j7y17lte,36075,36406
9871107,2020-07-10T21:20:11.607000,7,113.161.26.206,empty,3269,SM-A217F,a21s,7904,7915
10266177,2020-09-20T14:04:38.010000,2,113.161.26.206,empty,3269,"iPhone9,2",aVBob25lICgyKQ==,129245,33980
10355807,2020-10-10T21:08:05.274000,70,113.161.26.206,.Scan & Go.,3269,SM-G570Y,on5xelte,6319,6331
9783899,2020-06-28T21:03:52.498000,37,113.161.26.206,empty,3269,"iPhone8,2",Q2hsb2V0cmFu,146970,1
11059928,2021-05-25T19:17:45.812000,7,113.161.26.206,.VM Tuoi Ngon Thuong Hang,3269,CPH1923,OP486C,4322,4322
1970486,2020-06-30T19:55:45.595000,89,113.161.26.206,.Scan & Go.,3269,SM-J320G,j3xlte,758,762
7835255,2020-09-13T12:48:05.026000,56,113.161.26.206,.Scan & Go.,3269,CPH1825,CPH1825,26694,26694
10300801,2020-09-27T18:43:01.725000,6,113.161.26.206,.Scan & Go.,3269,SM-G935F,hero2lte,8350,8292
483277,2020-09-26T18:19:54.273000,6,113.161.26.206,empty,3269,"iPhone11,6",QsOsbmggTmd1ecOqbg==,225932,10
2064238,2020-08-24T19:33:22.128000,1,113.161.26.206,empty,3269,"iPhone9,3",UGjGsMahbmdOZ2hp,57940,1
10031606,2020-08-09T16:22:05.413000,1,113.161.26.206,empty,3269,SM-A530F,jackpotlte,6116,6150
4695467,2021-10-15T13:22:09.598000,1,113.161.26.206,empty,3269,CPH2113,OP4BA5L1,5446,6752
10100157,2020-08-21T15:06:11.101000,1,113.161.26.206,.Scan & Go.,3269,CPH1923,OP486C,4322,4322
10255224,2020-09-18T14:29:55.572000,24,113.161.26.206,.Scan & Go.,3269,CPH1803,CPH1803,6753,6753
9661832,2020-09-13T12:27:36.773000,33,113.161.26.206,.Scan & Go.,3269,CPH1825,CPH1825,26694,26694
7743315,2020-08-03T18:49:49.084000,28,113.161.26.206,.Scan & Go.,3269,RMX2042,RMX2042,1184,1168
8383765,2021-07-15T10:55:40.662000,9,113.161.26.206,empty,3269,SM-J730G,j7y17lte,36075,36406
11065687,2021-05-27T16:58:00.866000,10,113.161.26.206,empty,3269,SM-J730G,j7y17lte,36075,36406
10390035,2020-10-17T21:02:06.618000,21,113.161.26.206,.Scan & Go.,3269,CPH1825,CPH1825,26694,26694
7849000,2020-09-15T12:08:49.494000,12,113.161.26.206,empty,3269,"iPhone12,5",aVBob25lICgyKQ==,141807,33980
11083786,2021-06-03T12:32:08.064000,6,113.161.26.206,empty,3269,SM-J730G,j7y17lte,36075,36406
4556027,2020-09-01T20:57:27.702000,36,113.161.26.206,.Scan & Go.,3269,CPH2113,OP4BA5L1,5446,6752
2266391,2020-07-12T11:53:24.460000,14,113.161.26.206,.Scan & Go.,3269,CPH1723,CPH1723,11549,11543
3106917,2020-09-24T20:16:34.064000,71,113.161.26.206,empty,3269,SM-J730G,j7y17lte,36075,36406
9985802,2020-09-27T20:55:34.903000,3,113.161.26.206,empty,3269,"iPhone8,2",SHV5MDkwMTk0OTc4OQ==,146970,1
565972,2020-07-11T20:59:31.625000,72,113.161.26.206,.Scan & Go.,3269,CPH1723,CPH1723,11549,11543
10298849,2020-09-27T10:27:04.313000,3,113.161.26.206,.Scan & Go.,3269,CPH1723,CPH1723,11549,11543
9950526,2020-07-25T19:59:16.209000,41,113.161.26.206,empty,3269,SM-J730G,j7y17lte,36075,36406
8121090,2020-07-20T21:11:19.669000,23,113.161.26.206,empty,3269,SM-J730G,j7y17lte,36075,36406
8147431,2020-12-13T20:57:33.014000,2,113.161.26.206,.Scan & Go.,3269,SM-J730G,j7y17lte,36075,36406
10139731,2020-08-28T20:37:23.030000,1,113.161.26.206,.Scan & Go.,3269,SM-A7108,a7xeltecmcc,96,96
909661,2020-10-03T10:57:43.577000,8,113.161.26.206,empty,3269,"iPhone10,2",aVBob25lICgyKQ==,69558,33980
9844187,2020-07-04T11:24:46.224000,18,113.161.26.206,.Scan & Go.,3269,SM-G935U,hero2qlteue,734,728
5249002,2020-06-15T14:58:45.820000,1,113.161.26.206,.Scan & Go.,3269,CPH1803,CPH1803,6753,6753
9347878,2020-09-17T10:45:11.727000,113,113.161.26.206,empty,3269,JKM-LX2,HWJKM-H,4537,4548
10171401,2020-09-04T15:13:41.216000,1,113.161.26.206,.Scan & Go.,3269,SM-G950F,dreamlte,9820,9727
5738748,2021-09-21T19:39:05.457000,1,113.161.26.206,empty,3269,CPH2237,OP4FA7L1,163,163
121951,2020-09-15T18:08:37.419000,85,113.161.26.206,.Scan & Go.,3269,CPH1723,CPH1723,11549,11543
9799702,2020-06-22T19:28:18.930000,4,113.161.26.206,empty,3269,SM-A530F,jackpotlte,6116,6150
1281773,2021-04-24T09:43:16.086000,3,113.161.26.206,empty,3269,"iPhone10,6",SE9BIEhP,104574,1
260617,2020-06-18T10:52:58.693000,1,113.161.26.206,.Scan & Go.,3269,CPH1803,CPH1803,6753,6753
10062514,2020-08-14T14:57:49.298000,21,113.161.26.206,empty,3269,SM-J730G,j7y17lte,36075,36406
4383500,2020-06-26T10:15:09.001000,36,113.161.26.206,.Scan & Go.,3269,CPH1803,CPH1803,6753,6753
1541489,2020-10-26T17:50:26.568000,40,113.161.26.206,empty,3269,"iPhone8,2",aVBob25lICgyKQ==,146970,33980
6413294,2020-07-14T20:18:25.777000,11,113.161.26.206,.Scan & Go.,3269,CPH1923,OP486C,4322,4322
6873269,2020-09-25T21:08:29.430000,12,113.161.26.206,empty,3269,"iPhone12,5",8J+MuEplbm55IFBob25l8J+MuA==,141807,1
10320139,2020-10-02T19:46:01.040000,6,113.161.26.206,.Scan & Go.,3269,CPH1803,CPH1803,6753,6753
6637882,2020-09-12T09:47:39.892000,67,113.161.26.206,empty,3269,"iPhone8,1",aVBob25lICgyKQ==,115085,33980
8705938,2020-06-22T12:18:13.909000,37,113.161.26.206,.Scan & Go.,3269,CPH1803,CPH1803,6753,6753
10300074,2020-09-27T16:01:42.407000,3,113.161.26.206,empty,3269,"iPhone12,5",SHl1bg==,141807,2
3220150,2020-08-22T10:08:34.159000,2,113.161.26.206,empty,3269,"iPhone10,6",SHV54buBbiBCYUJpZXLinaTvuI/inaTvuI8=,104574,1
10249049,2020-09-17T09:37:56.106000,2,113.161.26.206,.Scan & Go.,3269,"iPhone8,2",aVBob25lICgyKQ==,146970,33980
3548601,2020-09-02T11:03:39.118000,1,113.161.26.206,.Scan & Go.,3269,CPH1803,CPH1803,6753,6753
9749801,2020-07-03T19:37:04.692000,4,113.161.26.206,empty,3269,"iPhone8,2",aVBob25lICgyKQ==,146970,33980
9665830,2020-07-18T10:08:37.492000,1,113.161.26.206,.Scan & Go.,3269,CPH1803,CPH1803,6753,6753
9829493,2020-06-30T11:32:58.116000,4,113.161.26.206,empty,3269,SM-J600G,j6lte,9559,9584
10231277,2020-09-13T18:52:53.463000,8,113.161.26.206,.Scan & Go.,3269,CPH1803,CPH1803,6753,6753
8542812,2020-07-15T16:33:26.164000,23,113.161.26.206,empty,3269,SM-J600G,j6lte,9559,9584
10066934,2020-08-15T10:50:14.389000,17,113.161.26.206,.Scan & Go.,3269,CPH1803,CPH1803,6753,6753
10230962,2020-09-13T18:23:25.857000,52,113.161.26.206,empty,3269,SM-J600G,j6lte,9559,9584
3450337,2020-08-02T15:28:19.086000,16,113.161.26.206,.Scan & Go.,3269,CPH1923,OP486C,4322,4322
1952638,2021-02-19T17:00:11.417000,2,113.161.26.206,empty,3269,SM-J600G,j6lte,9559,9584
10302634,2020-09-28T09:50:47.569000,1,113.161.26.206,.Scan & Go.,3269,CPH1803,CPH1803,6753,6753
11114852,2021-06-14T20:06:24.686000,17,113.161.26.206,empty,3269,CPH2159,OP4F25L1,6122,6122
8764827,2020-09-18T13:15:57.197000,1,113.161.26.206,.Scan & Go.,3269,X9009,X9009,1780,1780
4296582,2020-09-05T10:03:42.592000,43,113.161.26.206,.Scan & Go.,3269,X9009,X9009,1780,1780
6364382,2020-06-14T19:32:22.304000,18,113.161.26.206,empty,3269,SM-N770F,r7,10784,10781
10993980,2021-05-01T11:26:27.035000,3,113.161.26.206,empty,3269,CPH2159,OP4F25L1,6122,6122
9843941,2020-07-04T10:33:37.979000,8,113.161.26.206,empty,3269,Nokia 7.2,DDV_sprout,2437,2436
11093973,2021-06-07T10:12:44.267000,8,113.161.26.206,.VM Tuoi Ngon Thuong Hang,3269,SM-J600G,j6lte,9559,9584
9947035,2020-07-25T09:10:47.452000,12,113.161.26.206,empty,3269,SM-J600G,j6lte,9559,9584
10167595,2020-09-03T17:49:10.046000,37,113.161.26.206,.Scan & Go.,3269,CPH2061,OP4C77L1,1795,1795
10369693,2020-10-13T20:13:48.796000,23,113.161.26.206,empty,3269,vivo 1935,1935,823,823
73888,2020-07-14T15:00:18.481000,54,113.161.26.206,.Scan & Go.,3269,CPH1859,CPH1859,1196,1196
9783424,2020-06-19T20:11:13.795000,22,113.161.26.206,empty,3269,Redmi Note 7,lavender,18603,18607
2031395,2020-06-19T09:09:31.362000,4,113.161.26.206,.Scan & Go.,3269,SM-G935F,hero2lte,8350,8292
1895481,2020-07-02T17:26:16.818000,18,113.161.26.206,empty,3269,Redmi Note 7,lavender,18603,18607
10300243,2020-09-27T16:37:48.810000,8,113.161.26.206,empty,3269,Redmi Note 7,lavender,18603,18607
9116841,2020-11-24T21:22:13.249000,3,113.161.26.206,empty,3269,Redmi Note 7,lavender,18603,18607
9806073,2020-06-24T12:39:41.711000,8,113.161.26.206,empty,3269,SM-A015F,a01q,930,931
10295716,2020-09-26T13:22:03.174000,26,113.161.26.206,.Scan & Go.,3269,SM-G935F,hero2lte,8350,8292
9875350,2020-07-11T20:29:06.677000,1,113.161.26.206,.Scan & Go.,3269,CPH1801,CPH1801,3629,3629
9844382,2020-07-04T12:08:40.232000,56,113.161.26.206,empty,3269,SM-A920F,a9y18qlte,11447,11447
9933694,2020-07-22T19:39:09.903000,29,113.161.26.206,empty,3269,SM-A920F,a9y18qlte,11447,11447
8101490,2020-07-26T18:55:44.838000,33,113.161.26.206,empty,3269,SM-A920F,a9y18qlte,11447,11447
4484222,2020-07-11T10:30:36.660000,61,113.161.26.206,empty,3269,SM-A920F,a9y18qlte,11447,11447
9576970,2021-06-07T09:37:37.479000,11,113.161.26.206,empty,3269,SM-A920F,a9y18qlte,11447,11447
8006298,2020-07-21T12:15:38.187000,13,113.161.26.206,empty,3269,SM-A305F,a30,13732,13840
10273425,2020-09-21T19:31:07.528000,5,113.161.26.206,empty,3269,SM-A015F,a01q,930,931
10752188,2021-01-30T18:12:19.260000,13,113.161.26.206,empty,3269,SM-A920F,a9y18qlte,11447,11447
8572348,2020-07-17T19:35:49.917000,28,113.161.26.206,empty,3269,SM-A920F,a9y18qlte,11447,11447
10127043,2020-08-26T13:54:02.900000,18,113.161.26.206,empty,3269,SM-A305F,a30,13732,13840
11145234,2021-06-24T16:25:02.510000,2,113.161.26.206,empty,3269,"iPhone9,3",aVBob25lIGPhu6dhIGtlbg==,57940,4
1633584,2020-09-10T20:00:06.991000,73,113.161.26.206,empty,3269,SM-A305F,a30,13732,13840
10256910,2020-09-18T19:29:06.028000,4,113.161.26.206,empty,3269,"iPhone8,2",Q2hp,146970,185
10322895,2020-10-03T15:19:24.447000,3,113.161.26.206,empty,3269,SM-A305F,a30,13732,13840
9866692,2020-07-09T20:23:58.873000,24,113.161.26.206,empty,3269,SM-A305F,a30,13732,13840
8125670,2020-08-09T16:07:56.235000,2,113.161.26.206,empty,3269,ASUS_X01AD,ASUS_X01A_1,132,132
10203683,2020-09-09T11:01:52.956000,3,113.161.26.206,empty,3269,"iPhone11,6",Tmhpbmhp,225932,39
10070380,2020-08-15T20:51:42.145000,25,113.161.26.206,empty,3269,SM-G965N,star2lteks,2392,1990
3775794,2020-10-18T16:24:19.870000,9,113.161.26.206,.Scan & Go.,3269,vivo 1718,1718,1026,1026
11513254,2021-08-31T14:54:44.234000,1,113.161.26.206,.VM Tuoi Ngon Thuong Hang,3269,vivo 1718,1718,1026,1026
4578631,2021-04-20T08:40:55.693000,5,113.161.26.206,empty,3269,"iPhone11,6",SMOtIHhpbmggxJHhurlwIPCfmJs=,225932,1
2441015,2020-08-16T16:11:24.311000,10,113.161.26.206,empty,3269,SM-N935F,gracerlte,3794,3783
10316912,2020-10-01T21:16:03.115000,18,113.161.26.206,empty,3269,SM-A115F,a11q,7786,7787
8023203,2021-01-25T20:08:16.497000,1,113.161.26.206,empty,3269,"iPhone11,6",QmVycnk=,225932,7
11066562,2021-05-27T21:13:24.304000,3,113.161.26.206,empty,3269,Nokia 2.4,WVR_sprout,181,181
10148840,2020-08-30T20:22:32.552000,1,113.161.26.206,empty,3269,"iPhone9,2",VHV54bq/dCBNYWk=,129245,68
10386614,2020-10-17T11:22:48.542000,2,113.161.26.206,empty,3269,"iPhone8,1",7IaM7KSR7Z6I7ZWY64uk4p2k77iP4p2k77iPIA==,115085,1
7091252,2020-10-27T20:34:24.164000,21,113.161.26.206,empty,3269,"iPhone8,2",aVBob25lIGPhu6dhIFROVA==,146970,9
9869610,2020-07-10T16:55:43.225000,6,113.161.26.206,empty,3269,ANE-LX2,HWANE,3510,3713
10265587,2020-09-20T12:03:15.506000,6,113.161.26.206,empty,3269,"iPhone9,4",VGnhu4Fu4p2k77iP,175338,1
5860802,2021-08-11T11:59:35.721000,8,113.161.26.206,.VM Tuoi Ngon Thuong Hang,3269,"iPhone9,3",SOG6o2kgVXnDqm4=,57940,3
3503824,2020-07-20T21:32:00.167000,87,113.161.26.206,.Scan & Go.,3269,RMX1919,RMX1919,2767,2767
10298901,2020-09-27T10:39:11.897000,4,113.161.26.206,empty,3269,"iPhone11,6",Tmh1IEx1dQ==,225932,1
5171626,2020-08-27T19:13:40.753000,44,113.161.26.206,empty,3269,SM-N970F,d1,11566,11566
9632368,2020-09-12T11:41:12.957000,55,113.161.26.206,empty,3269,SM-N970F,d1,11566,11566
10540470,2020-11-28T13:32:28.237000,1,113.161.26.206,empty,3269,"iPhone6,2",VVNFUuydmCBpUGhvbmU=,4887,7
5507556,2020-06-21T09:12:31.123000,45,113.161.26.206,.Scan & Go.,3269,vivo 1808,1808,393,395
3897634,2021-10-17T16:22:12.941000,2,113.161.26.206,empty,3269,"iPhone9,2",V2lubmllIPCfjqkg,129245,1
9780921,2020-06-19T15:13:17.667000,12,113.161.26.206,.Scan & Go.,3269,CPH1901,CPH1901,2054,2054
10564776,2020-12-06T19:52:41.723000,14,113.161.26.206,.Scan & Go.,3269,CPH1825,CPH1825,26694,26694
341696,2021-07-09T18:03:01.067000,4,113.161.26.206,empty,3269,SM-M215F,m21,1784,1784
10952786,2021-04-18T09:21:23.894000,16,113.161.26.206,empty,3269,SM-A730F,jackpot2lte,6593,6591
7300070,2021-03-12T20:35:01.054000,52,113.161.26.206,.Scan & Go.,3269,SM-C900F,c9lte,3509,3536
10163131,2020-09-02T18:31:04.848000,30,113.161.26.206,empty,3269,SM-A730F,jackpot2lte,6593,6591
4837001,2020-10-08T19:04:33.689000,5,113.161.26.206,empty,3269,"iPhone12,1",VHLhuqduIFRo4buLIEjDoA==,106853,4
4531170,2021-05-03T20:33:13.197000,2,113.161.26.206,.Scan & Go.,3269,OPPO A57,A57,124,128
2277124,2020-08-30T21:01:30.575000,2,113.161.26.206,empty,3269,"iPhone9,4",Q2h1IE1pbmg=,175338,5
8986026,2021-02-07T19:48:49.499000,2,113.161.26.206,.Scan & Go.,3269,"iPhone9,4",aVBob25lICgzKQ==,175338,5116
10088673,2020-08-19T12:04:22.482000,28,113.161.26.206,empty,3269,Mi 9T,davinci,3760,4268
9558672,2020-09-27T20:42:26.176000,24,113.161.26.206,.Scan & Go.,3269,Redmi Note 4,nikel,4885,378
2996537,2020-09-02T20:41:58.522000,25,113.161.26.206,.Scan & Go.,3269,CPH1955,OP486B,1411,1411
4864195,2021-06-13T19:13:20.983000,7,113.161.26.206,empty,3269,"iPhone9,2",TmjDoWk=,129245,12
1366179,2020-10-07T14:54:16.348000,11,113.161.26.206,empty,3269,"iPhone8,1",TmfDom7igJlzIElwaG9uZQ==,115085,2
9845661,2020-07-04T17:49:15.762000,20,113.161.26.206,empty,3269,SM-A705F,a70q,19751,19937
10702068,2021-01-16T13:41:17.786000,2,113.161.26.206,.Scan & Go.,3269,CPH1725,CPH1725,3540,3540
6744413,2020-08-01T19:07:20.209000,61,113.161.26.206,.Scan & Go.,3269,CPH1825,CPH1825,26694,26694
10231952,2020-09-13T20:02:34.682000,40,113.161.26.206,.Scan & Go.,3269,CPH1819,CPH1819,14002,14002
10703487,2021-01-16T19:57:29.959000,28,113.161.26.206,empty,3269,SM-A107F,a10s,7653,7653
10171815,2020-09-04T16:50:58.675000,28,113.161.26.206,.Scan & Go.,3269,CPH1819,CPH1819,14002,14002
10422097,2020-10-24T14:02:17.119000,22,113.161.26.206,.Scan & Go.,3269,CPH1819,CPH1819,14002,14002
5258413,2020-07-03T10:03:38.827000,19,113.161.26.206,.Scan & Go.,3269,CPH1819,CPH1819,14002,14002
9899254,2020-07-16T20:10:35.257000,5,113.161.26.206,empty,3269,SM-A115F,a11q,7786,7787
10357038,2020-10-11T09:38:46.629000,49,113.161.26.206,.Scan & Go.,3269,CPH1819,CPH1819,14002,14002
9918752,2020-07-20T09:54:06.518000,13,113.161.26.206,.Scan & Go.,3269,MI 8 SE,sirius,2849,2849
10068772,2020-08-15T17:03:41.070000,3,113.161.26.206,empty,3269,SM-A107F,a10s,7653,7653
10373365,2020-10-14T17:50:17.874000,1,113.161.26.206,.Scan & Go.,3269,CPH1723,CPH1723,11549,11543
2713143,2020-06-29T15:42:14.101000,2,113.161.26.206,empty,3269,SM-A107F,a10s,7653,7653
7739985,2021-10-17T16:23:18.072000,1,113.161.26.206,.VM Tuoi Ngon Thuong Hang,3269,MI 8 SE,sirius,2849,2849
9573158,2020-10-11T15:38:31.025000,21,113.161.26.206,.Scan & Go.,3269,CPH1819,CPH1819,14002,14002
3678527,2020-10-11T09:08:31.800000,3,113.161.26.206,.Scan & Go.,3269,CPH1725,CPH1725,3540,3540
3622181,2020-07-18T14:59:33.433000,1,113.161.26.206,.Scan & Go.,3269,CPH1723,CPH1723,11549,11543
10872318,2021-03-13T13:21:08.426000,14,113.161.26.206,empty,3269,SM-A115F,a11q,7786,7787
7226462,2020-10-04T10:01:48.514000,15,113.161.26.206,empty,3269,SM-A107F,a10s,7653,7653
9884883,2020-07-13T20:02:51.179000,2,113.161.26.206,empty,3269,Active 3,coconut,49615,49615
10231722,2020-09-13T19:39:57.734000,24,113.161.26.206,empty,3269,SM-A705F,a70q,19751,19937
10155799,2020-09-01T10:20:50.943000,18,113.161.26.206,empty,3269,SM-A705F,a70q,19751,19937
2787696,2021-02-06T10:08:56.636000,1,113.161.26.206,.Scan & Go.,3269,CPH1819,CPH1819,14002,14002
3547752,2020-08-15T13:13:27.558000,5,113.161.26.206,empty,3269,SM-A115F,a11q,7786,7787
10010388,2020-08-05T19:32:46.251000,1,113.161.26.206,empty,3269,SM-A705F,a70q,19751,19937
9813978,2020-06-26T16:21:27.925000,1,113.161.26.206,.Scan & Go.,3269,SM-G920P,zerofltespr,181,165
4666895,2020-08-18T17:27:45.568000,2,113.161.26.206,empty,3269,SM-A705F,a70q,19751,19937
9874277,2020-07-11T17:27:21.683000,1,113.161.26.206,empty,3269,SM-A115F,a11q,7786,7787
1457149,2020-12-27T10:19:57.814000,1,113.161.26.206,empty,3269,Active 3,coconut,49615,49615
9849514,2020-07-05T16:39:02.537000,1,113.161.26.206,.Scan & Go.,3269,CPH1725,CPH1725,3540,3540
447960,2021-04-11T20:36:01.754000,16,113.161.26.206,v-internet,3269,CPH1819,CPH1819,14002,14002
1542780,2020-07-04T10:17:20.583000,21,113.161.26.206,empty,3269,SM-A115F,a11q,7786,7787
9916020,2020-07-19T21:33:09.132000,1,113.161.26.206,.Scan & Go.,3269,RMX2030,RMX2030,857,857
10732216,2021-01-24T17:02:40.307000,9,113.161.26.206,empty,3269,Nokia 6.1 Plus,DRG_sprout,4037,4034
9807304,2020-06-24T18:36:00.587000,53,113.161.26.206,empty,3269,SM-A107F,a10s,7653,7653
774027,2021-06-30T11:37:32.730000,1,113.161.26.206,empty,3269,SM-A530F,jackpotlte,6116,6150
450422,2020-06-24T18:28:22.785000,17,113.161.26.206,.Scan & Go.,3269,CPH1723,CPH1723,11549,11543
10261115,2020-09-19T16:21:55.338000,26,113.161.26.206,empty,3269,SM-A115F,a11q,7786,7787
1346243,2020-10-04T16:18:37.943000,57,113.161.26.206,empty,3269,SM-A207F,a20s,8819,8827
9877471,2020-07-12T11:07:17.210000,1,113.161.26.206,.Scan & Go.,3269,CPH1725,CPH1725,3540,3540
9927753,2020-07-21T17:27:41.029000,1,113.161.26.206,empty,3269,SM-A115F,a11q,7786,7787
10107317,2020-08-22T19:29:20.221000,5,113.161.26.206,.Scan & Go.,3269,CPH1725,CPH1725,3540,3540
5955373,2020-10-18T11:30:39.864000,38,113.161.26.206,empty,3269,SM-A207F,a20s,8819,8827
8253860,2021-10-11T20:35:21.708000,2,113.161.26.206,empty,3269,SM-A115F,a11q,7786,7787
8013631,2020-07-21T20:24:42.296000,15,113.161.26.206,.Scan & Go.,3269,CPH1819,CPH1819,14002,14002
8663218,2020-06-19T19:59:35.885000,11,113.161.26.206,empty,3269,SM-A107F,a10s,7653,7653
9858819,2020-07-07T19:28:12.599000,1,113.161.26.206,.Scan & Go.,3269,CPH1819,CPH1819,14002,14002
9809030,2020-06-25T09:21:24.228000,10,113.161.26.206,empty,3269,SM-A115F,a11q,7786,7787
11063134,2021-05-26T20:18:10.487000,6,113.161.26.206,empty,3269,"iPhone11,6",SHV5IE5ndXllbg==,225932,54
3605243,2020-08-23T10:25:40.809000,81,113.161.26.206,empty,3269,Nokia 6.1 Plus,DRG_sprout,4037,4034
9794539,2020-06-21T16:50:18.313000,1,113.161.26.206,.Scan & Go.,3269,CPH1819,CPH1819,14002,14002
9872903,2020-07-11T11:53:07.151000,46,113.161.26.206,empty,3269,SM-A107F,a10s,7653,7653
9629952,2020-09-26T20:38:46.901000,69,113.161.26.206,.Scan & Go.,3269,SM-A207F,a20s,8819,8827
2345824,2021-08-28T13:00:46.373000,2,113.161.26.206,.VM Tuoi Ngon Thuong Hang,3269,SM-A530F,jackpotlte,6116,6150
10224887,2020-09-12T21:21:56.675000,21,113.161.26.206,.Scan & Go.,3269,CPH1819,CPH1819,14002,14002
9776905,2020-06-18T17:19:05.721000,1,113.161.26.206,empty,3269,SM-A115F,a11q,7786,7787
7223686,2020-08-01T17:15:09.260000,15,113.161.26.206,.Scan & Go.,3269,CPH1819,CPH1819,14002,14002
10137843,2020-08-28T15:31:24.016000,16,113.161.26.206,empty,3269,SM-A107F,a10s,7653,7653
10299098,2020-09-27T11:25:37.599000,19,113.161.26.206,.Scan & Go.,3269,CPH1819,CPH1819,14002,14002
10356880,2020-10-11T09:08:01.406000,1,113.161.26.206,.Scan & Go.,3269,CPH1725,CPH1725,3540,3540
7072196,2020-06-16T12:47:13.185000,1,113.161.26.206,.Scan & Go.,3269,CPH1723,CPH1723,11549,11543
2237419,2020-09-09T17:35:15.589000,92,113.161.26.206,empty,3269,SM-A115F,a11q,7786,7787
10353369,2020-10-10T12:43:12.221000,2,113.161.26.206,.Scan & Go.,3269,"iPhone7,2",TMOqIEjhurFuZw==,88721,39
10207221,2020-09-09T20:36:24.763000,19,113.161.26.206,empty,3269,SM-A217F,a21s,7904,7915
9757830,2020-06-14T11:08:31.757000,1,113.161.26.206,.Scan & Go.,3269,CPH1723,CPH1723,11549,11543
10369287,2020-10-13T19:10:57.758000,26,113.161.26.206,empty,3269,SM-A705F,a70q,19751,19937
9954443,2020-07-26T13:37:58.380000,1,113.161.26.206,.Scan & Go.,3269,OPPO A37m,A37,63,88
6380137,2020-09-01T11:00:30.171000,1,113.161.26.206,empty,3269,Nokia 6.1 Plus,DRG_sprout,4037,4034
3644525,2021-06-12T20:54:33.272000,4,113.161.26.206,empty,3269,SM-A207F,a20s,8819,8827
10224265,2020-09-12T20:14:08.770000,52,113.161.26.206,empty,3269,Nokia 6.1 Plus,DRG_sprout,4037,4034
10319141,2020-10-02T16:18:25.812000,11,113.161.26.206,empty,3269,SM-A207F,a20s,8819,8827
9400722,2020-07-31T21:44:04.556000,27,113.161.26.206,empty,3269,SM-A107F,a10s,7653,7653
10298620,2020-09-27T09:34:31.590000,23,113.161.26.206,.Scan & Go.,3269,CPH1819,CPH1819,14002,14002
11066130,2021-05-27T19:07:01.654000,4,113.161.26.206,empty,3269,SM-A115F,a11q,7786,7787
1895493,2020-06-19T17:42:21.699000,1,113.161.26.206,empty,3269,SM-A107F,a10s,7653,7653
6860504,2021-06-26T18:42:02.086000,1,113.161.26.206,.VM Tuoi Ngon Thuong Hang,3269,vivo 1611,1611,101,101
8362556,2020-07-14T18:54:22.791000,54,113.161.26.206,empty,3269,SM-A107F,a10s,7653,7653
941835,2020-09-20T13:54:02.090000,9,113.161.26.206,empty,3269,"iPhone12,5",SG9uZ+KAmXMgaVBob25l,141807,84
10053892,2020-08-12T20:38:11.258000,1,113.161.26.206,empty,3269,SM-A207F,a20s,8819,8827
6521769,2020-09-11T11:44:53.490000,98,113.161.26.206,empty,3269,"iPhone11,8",T2FuaCDwn5iN8J+YjQ==,41811,1
8535526,2020-10-10T20:51:46.197000,82,113.161.26.206,empty,3269,Active 3,coconut,49615,49615
7453494,2020-12-22T19:55:24.678000,22,113.161.26.206,empty,3269,Active 3,coconut,49615,49615
10078739,2020-08-17T14:12:04.438000,9,113.161.26.206,.Scan & Go.,3269,CPH1819,CPH1819,14002,14002
4765382,2020-08-24T19:39:04.244000,1,113.161.26.206,.Scan & Go.,3269,CPH1723,CPH1723,11549,11543
9963330,2020-07-27T19:56:29.638000,39,113.161.26.206,empty,3269,SM-A107F,a10s,7653,7653
10072177,2020-08-16T09:42:16.976000,62,113.161.26.206,empty,3269,SM-A115F,a11q,7786,7787
10262116,2020-09-19T18:42:48.831000,1,113.161.26.206,.Scan & Go.,3269,CPH1819,CPH1819,14002,14002
10377759,2020-10-15T17:01:14.865000,3,113.161.26.206,empty,3269,"iPhone9,4",VHLhuqduIFF14buzbmggSG9h,175338,2
9972481,2020-07-29T14:00:49.648000,25,113.161.26.206,empty,3269,SM-A207F,a20s,8819,8827
9859171,2020-07-07T20:32:46.693000,1,113.161.26.206,.Scan & Go.,3269,CPH1819,CPH1819,14002,14002
10638060,2020-12-24T20:59:57.652000,20,113.161.26.206,.Scan & Go.,3269,CPH1819,CPH1819,14002,14002
1390701,2020-09-12T18:07:19.440000,1,113.161.26.206,.Scan & Go.,3269,CPH1723,CPH1723,11549,11543
5879495,2020-08-12T10:31:57.955000,23,113.161.26.206,.Scan & Go.,3269,CPH1819,CPH1819,14002,14002
10292965,2020-09-25T19:36:13.782000,43,113.161.26.206,empty,3269,SM-A217F,a21s,7904,7915
5541041,2020-06-28T21:39:19.679000,5,113.161.26.206,empty,3269,"iPhone10,5",RGnhu4d1IEhp4buBbg==,97526,19
10262070,2020-09-19T18:36:22.293000,1,113.161.26.206,.Scan & Go.,3269,CPH1723,CPH1723,11549,11543
10337401,2020-10-06T20:48:01.136000,23,113.161.26.206,.Scan & Go.,3269,CPH1819,CPH1819,14002,14002
10146669,2020-08-30T13:55:34.968000,23,113.161.26.206,.Scan & Go.,3269,CPH1819,CPH1819,14002,14002
5506480,2020-07-15T16:39:23.781000,46,113.161.26.206,#Vincom - MegaNet Free,3269,CPH1819,CPH1819,14002,14002
9844795,2020-07-04T14:15:48.816000,23,113.161.26.206,.Scan & Go.,3269,CPH1819,CPH1819,14002,14002
9882146,2020-07-13T10:42:05.818000,5,113.161.26.206,.Scan & Go.,3269,CPH1819,CPH1819,14002,14002
10229161,2020-09-13T15:13:43.513000,30,113.161.26.206,empty,3269,SM-A207F,a20s,8819,8827
9995335,2020-08-02T19:02:27.844000,1,113.161.26.206,.Scan & Go.,3269,CPH1819,CPH1819,14002,14002
10600973,2020-12-12T20:25:04.682000,10,113.161.26.206,empty,3269,vivo 1906,1906,4409,4409
7543134,2021-09-21T19:24:43.516000,1,113.161.26.206,empty,3269,"iPhone12,1",aGnhu4FuIGN1dGU=,106853,1
10068452,2020-08-15T16:10:29.951000,7,113.161.26.206,empty,3269,SM-M205G,m20lte,8111,8118
9990535,2020-08-01T19:40:10.480000,30,113.161.26.206,.Scan & Go.,3269,CPH1819,CPH1819,14002,14002
9933474,2020-07-22T19:01:12.083000,42,113.161.26.206,empty,3269,SM-A207F,a20s,8819,8827
10306745,2020-09-29T11:57:56.559000,16,113.161.26.206,.Scan & Go.,3269,CPH1819,CPH1819,14002,14002
9759735,2020-06-14T16:53:12.668000,6,113.161.26.206,.Scan & Go.,3269,CPH1819,CPH1819,14002,14002
1163924,2020-06-24T21:27:22.301000,14,113.161.26.206,empty,3269,"iPhone8,2",UGjGsOG7o25nIOKYle+4jw==,146970,1
10094500,2020-08-20T14:16:19.108000,14,113.161.26.206,.Scan & Go.,3269,CPH1825,CPH1825,26694,26694
10139456,2020-08-28T19:57:22.477000,9,113.161.26.206,empty,3269,vivo 1906,1906,4409,4409
9933035,2020-07-22T17:55:29.885000,1,113.161.26.206,empty,3269,SM-M205G,m20lte,8111,8118
10099249,2020-08-21T11:37:16.243000,13,113.161.26.206,empty,3269,SM-A207F,a20s,8819,8827
9661663,2020-06-30T09:05:36.228000,24,113.161.26.206,.Scan & Go.,3269,CPH1825,CPH1825,26694,26694
10162964,2020-09-02T18:01:53.841000,20,113.161.26.206,empty,3269,SM-A207F,a20s,8819,8827
22549,2020-10-04T16:35:17.820000,22,113.161.26.206,.Scan & Go.,3269,SM-G570Y,on5xelte,6319,6331
3472500,2020-09-26T17:48:37.462000,4,113.161.26.206,empty,3269,"iPhone11,2",SnVuZS4=,53515,1
4016612,2020-07-11T09:17:23.921000,54,113.161.26.206,.Scan & Go.,3269,CPH1825,CPH1825,26694,26694
9992927,2020-08-02T11:02:16.299000,2,113.161.26.206,empty,3269,vivo 1906,1906,4409,4409
6141656,2020-10-03T15:36:24.345000,36,113.161.26.206,empty,3269,"iPhone10,3",R+G6pXUg8J+Quw==,76761,24
10171861,2020-09-04T16:58:55.665000,1,113.161.26.206,.Scan & Go.,3269,RMX1811,RMX1811,1407,1407
9899312,2020-07-16T20:17:21.814000,24,113.161.26.206,.Scan & Go.,3269,CPH1825,CPH1825,26694,26694
9862815,2020-07-08T20:08:21.257000,1,113.161.26.206,empty,3269,vivo 1906,1906,4409,4409
9823208,2020-06-28T18:00:59.085000,1,113.161.26.206,.Scan & Go.,3269,CPH1825,CPH1825,26694,26694
10139587,2020-08-28T20:16:56.019000,1,113.161.26.206,empty,3269,"iPhone11,6",aVBob25lIGPhu6dhIHRyYW5n,225932,151
9823404,2020-06-28T18:33:56.411000,12,113.161.26.206,.Scan & Go.,3269,CPH1825,CPH1825,26694,26694
6787533,2021-04-30T10:59:36.641000,16,113.161.26.206,.Scan & Go.,3269,CPH1923,OP486C,4322,4322
6724171,2020-08-27T08:56:05.400000,20,113.161.26.206,.Scan & Go.,3269,CPH1825,CPH1825,26694,26694
8616667,2020-10-01T18:58:43.209000,4,113.161.26.206,empty,3269,"iPhone8,1",TWFp,115085,390
468801,2020-07-15T12:16:20.443000,69,113.161.26.206,#Vincom - MegaNet Free,3269,CPH1825,CPH1825,26694,26694
4064092,2020-08-28T10:54:08.742000,1,113.161.26.206,empty,3269,"iPhone9,1",aVBob25lIDc=,41933,1129
4345586,2020-10-03T14:38:08.266000,13,113.161.26.206,.Scan & Go.,3269,CPH1825,CPH1825,26694,26694
10281360,2020-09-23T11:56:32.947000,38,113.161.26.206,.Scan & Go.,3269,SM-C710F,jadelte,11022,11022
9875453,2020-07-11T20:43:35.282000,24,113.161.26.206,.Scan & Go.,3269,CPH1825,CPH1825,26694,26694
4730185,2021-02-07T20:40:47.815000,2,113.161.26.206,.Scan & Go.,3269,CPH1723,CPH1723,11549,11543
9933454,2020-07-22T18:58:32.896000,16,113.161.26.206,.Scan & Go.,3269,CPH1825,CPH1825,26694,26694
10148942,2020-08-30T20:34:44.011000,17,113.161.26.206,.Scan & Go.,3269,SM-C710F,jadelte,11022,11022
4063892,2020-06-12T11:38:59.754000,1,113.161.26.206,.Scan & Go.,3269,CPH1825,CPH1825,26694,26694
3008304,2020-07-03T21:00:19.082000,53,113.161.26.206,#Vincom - MegaNet Free,3269,CPH1825,CPH1825,26694,26694
1048939,2020-12-13T20:28:03.086000,5,113.161.26.206,empty,3269,SM-M205G,m20lte,8111,8118
9997223,2020-08-03T09:35:50.347000,27,113.161.26.206,.Scan & Go.,3269,CPH1911,OP4883,9886,9887
821468,2020-06-15T19:02:42.890000,47,113.161.26.206,.Scan & Go.,3269,SM-C900F,c9lte,3509,3536
8382287,2021-04-20T09:46:42.284000,19,113.161.26.206,.Scan & Go.,3269,SM-C710F,jadelte,11022,11022
10109898,2020-08-23T09:50:45.787000,53,113.161.26.206,.Scan & Go.,3269,CPH1825,CPH1825,26694,26694
10045244,2020-08-11T15:33:04.538000,1,113.161.26.206,empty,3269,M2004J19C,lancelot,2365,2363
10298585,2020-09-27T09:26:08.152000,30,113.161.26.206,.Scan & Go.,3269,CPH1825,CPH1825,26694,26694
5753178,2021-08-27T20:43:50.685000,2,113.161.26.206,empty,3269,M2101K7AG,sunny,2187,2187
8240354,2020-09-07T19:50:16.821000,32,113.161.26.206,.Scan & Go.,3269,CPH1825,CPH1825,26694,26694
6514487,2020-08-18T21:18:33.594000,50,113.161.26.206,.Scan & Go.,3269,CPH1911,OP4883,9886,9887
3213268,2020-09-11T19:52:48.459000,71,113.161.26.206,.Scan & Go.,3269,CPH1825,CPH1825,26694,26694
3297707,2020-07-10T21:34:23.314000,16,113.161.26.206,.Scan & Go.,3269,SM-C710F,jadelte,11022,11022
5293867,2020-07-29T19:59:18.095000,1,113.161.26.206,.Scan & Go.,3269,CPH1825,CPH1825,26694,26694
10153621,2020-08-31T19:44:06.704000,51,113.161.26.206,.Scan & Go.,3269,CPH1911,OP4883,9886,9887
4796739,2020-06-20T08:33:25.594000,1,113.161.26.206,.Scan & Go.,3269,SM-G570Y,on5xelte,6319,6331
9849078,2020-07-05T14:44:15.866000,11,113.161.26.206,.Scan & Go.,3269,CPH1911,OP4883,9886,9887
9945441,2020-07-24T20:55:29.938000,3,113.161.26.206,.Scan & Go.,3269,SM-G570Y,on5xelte,6319,6331
7445850,2020-10-14T21:05:26.650000,3,113.161.26.206,empty,3269,"iPhone8,2",dHVhbmlwNw==,146970,1
726571,2020-07-24T20:36:43.095000,27,113.161.26.206,empty,3269,SM-M205G,m20lte,8111,8118
3460851,2021-04-03T08:47:51.115000,40,113.161.26.206,.Scan & Go.,3269,CPH1911,OP4883,9886,9887
6790598,2020-09-04T18:53:28.026000,47,113.161.26.206,.Scan & Go.,3269,CPH1911,OP4883,9886,9887
1010515,2020-08-30T11:33:50.444000,3,113.161.26.206,empty,3269,"iPhone9,2",aVBob25lIGPhu6dhIExhbSBOZ3V54buFbg==,129245,1
10388358,2020-10-17T16:27:31.672000,26,113.161.26.206,.Scan & Go.,3269,SM-G570Y,on5xelte,6319,6331
11078961,2021-06-01T16:31:07.325000,14,113.161.26.206,.VM Tuoi Ngon Thuong Hang,3269,CPH1911,OP4883,9886,9887
7030813,2020-08-07T15:58:03.291000,1,113.161.26.206,.Scan & Go.,3269,CPH1911,OP4883,9886,9887
2796281,2020-06-18T12:55:07.944000,1,113.161.26.206,.Scan & Go.,3269,CPH1911,OP4883,9886,9887
7089453,2020-07-13T13:54:56.296000,33,113.161.26.206,.Scan & Go.,3269,CPH1825,CPH1825,26694,26694
9567232,2020-10-09T20:29:52.325000,44,113.161.26.206,.Scan & Go.,3269,SM-C710F,jadelte,11022,11022
9939841,2020-07-23T20:52:21.755000,14,113.161.26.206,.Scan & Go.,3269,CPH1911,OP4883,9886,9887
10090819,2020-08-19T18:41:02.935000,10,113.161.26.206,.Scan & Go.,3269,CPH1911,OP4883,9886,9887
10320147,2020-10-02T19:46:55.781000,22,113.161.26.206,.Scan & Go.,3269,CPH1825,CPH1825,26694,26694
9928626,2020-07-21T19:39:41.319000,1,113.161.26.206,.Scan & Go.,3269,SM-C710F,jadelte,11022,11022
9915921,2020-07-19T21:22:10.390000,9,113.161.26.206,.Scan & Go.,3269,CPH1911,OP4883,9886,9887
10667002,2021-01-03T19:26:10.368000,1,113.161.26.206,empty,3269,"iPhone10,2",S2lraWtpa2lraQ==,69558,1
9923279,2020-07-20T20:10:41.016000,1,113.161.26.206,.Scan & Go.,3269,SM-G570Y,on5xelte,6319,6331
3951095,2021-05-21T20:00:23.883000,18,113.161.26.206,empty,3269,"iPhone11,6",SXAgWCBNYXggTmd1ecOqbiBMw6o=,225932,1
9782150,2020-06-19T17:52:14.313000,1,113.161.26.206,.Scan & Go.,3269,CPH1825,CPH1825,26694,26694
9887282,2020-07-14T12:24:16.942000,22,113.161.26.206,.Scan & Go.,3269,CPH1911,OP4883,9886,9887
9558353,2020-08-24T09:24:09.975000,17,113.161.26.206,empty,3269,SM-M205G,m20lte,8111,8118
9869269,2020-07-10T15:46:29.927000,7,113.161.26.206,empty,3269,Redmi Note 5,whyred,10176,10216
10529121,2020-11-24T20:42:18.516000,11,113.161.26.206,empty,3269,"iPhone9,3",TGUgTmhv,57940,1
5914444,2021-01-16T11:48:49.385000,1,113.161.26.206,.Scan & Go.,3269,"iPhone7,1",VHVvbmcgVnk=,63673,21
3353680,2020-08-16T14:56:58.565000,24,113.161.26.206,.Scan & Go.,3269,CPH1825,CPH1825,26694,26694
10045750,2020-08-11T16:57:19.829000,1,113.161.26.206,.Scan & Go.,3269,Masstel X6,Masstel_X6,58,58
8237838,2020-08-16T11:08:34.708000,4,113.161.26.206,empty,3269,"iPhone9,4",aVBob25lIGPhu6dhIEzDqiBkxaluZw==,175338,1
1417891,2020-09-12T20:21:24.009000,39,113.161.26.206,.Scan & Go.,3269,CPH1911,OP4883,9886,9887
9886469,2020-07-14T09:27:44.919000,1,113.161.26.206,.Scan & Go.,3269,CPH1825,CPH1825,26694,26694
10155955,2020-09-01T10:54:14.026000,22,113.161.26.206,.Scan & Go.,3269,CPH1911,OP4883,9886,9887
3533081,2020-07-17T16:54:10.081000,31,113.161.26.206,.Scan & Go.,3269,CPH1911,OP4883,9886,9887
8687127,2020-08-12T12:46:19.174000,57,113.161.26.206,.Scan & Go.,3269,CPH2113,OP4BA5L1,5446,6752
9909612,2020-07-18T20:34:09.752000,35,113.161.26.206,.Scan & Go.,3269,CPH1825,CPH1825,26694,26694
10288252,2020-09-24T19:20:53.880000,24,113.161.26.206,empty,3269,SM-A705F,a70q,19751,19937
5361758,2020-07-17T12:02:52.281000,1,113.161.26.206,empty,3269,SM-M205G,m20lte,8111,8118
4631935,2020-09-27T20:37:44.395000,4,113.161.26.206,empty,3269,"iPhone7,2",QmljaCBUcmFt,88721,9
9950674,2020-07-25T20:23:09.169000,2,113.161.26.206,.Scan & Go.,3269,CPH1723,CPH1723,11549,11543
11444036,2021-08-21T21:21:49.260000,2,113.161.26.206,empty,3269,SM-A217F,a21s,7904,7915
77526,2020-07-16T09:07:29.962000,155,113.161.26.206,empty,3269,"iPhone11,6",aVBob25lIGN1YSB0cmFuZw==,225932,13
3798726,2020-07-21T09:46:09.039000,41,113.161.26.206,.Scan & Go.,3269,SM-J730G,j7y17lte,36075,36406
10171331,2020-09-04T14:55:10.910000,19,113.161.26.206,.Scan & Go.,3269,CPH1825,CPH1825,26694,26694
5788306,2020-07-25T16:53:50.181000,2,113.161.26.206,.Scan & Go.,3269,CPH1723,CPH1723,11549,11543
9566795,2020-06-17T14:46:15.705000,9,113.161.26.206,.Scan & Go.,3269,CPH1723,CPH1723,11549,11543
10780536,2021-02-06T17:34:06.750000,61,113.161.26.206,empty,3269,CPH2109,OP4BA5L1,1302,6752
3496709,2020-09-28T19:59:14.883000,2,113.161.26.206,.Scan & Go.,3269,"iPhone8,1",TmdhIEN1dGU=,115085,1
11064658,2021-05-27T11:01:35.241000,11,113.161.26.206,empty,3269,SM-A217F,a21s,7904,7915
7149962,2021-04-23T19:51:18.837000,2,113.161.26.206,empty,3269,SM-A217F,a21s,7904,7915
10104546,2020-08-22T11:06:00.977000,3,113.161.26.206,empty,3269,"iPhone11,6",aVBob25lICgyKQ==,225932,33980
11066241,2021-05-27T19:43:19.072000,7,113.161.26.206,empty,3269,SM-M205G,m20lte,8111,8118
9913562,2020-07-19T17:14:10.100000,12,113.161.26.206,empty,3269,SM-G950F,dreamlte,9820,9727
11520733,2021-09-02T09:27:08.399000,4,113.161.26.206,.VM Tuoi Ngon Thuong Hang,3269,SM-G570Y,on5xelte,6319,6331
252484,2020-11-28T17:18:45.960000,6,113.161.26.206,empty,3269,"iPhone8,1",QWRtaW5pc3RyYXRvcuKAmXMgaVBob25l,115085,4957
10167077,2020-09-03T16:20:29.739000,36,113.161.26.206,.Scan & Go.,3269,SM-C900F,c9lte,3509,3536
4728485,2020-07-20T20:12:55.076000,1,113.161.26.206,.Scan & Go.,3269,CPH1723,CPH1723,11549,11543
10228923,2020-09-13T14:37:34.277000,34,113.161.26.206,empty,3269,SM-A217F,a21s,7904,7915
5064048,2020-09-30T21:13:19.966000,6,113.161.26.206,empty,3269,"iPhone8,2",aVBob25lICgyKQ==,146970,33980
10098875,2020-08-21T10:32:25.343000,2,113.161.26.206,empty,3269,SM-M205G,m20lte,8111,8118
9838244,2020-07-02T19:08:12.947000,22,113.161.26.206,.Scan & Go.,3269,SAMSUNG-SM-G928A,zenlteatt,49,52
9915751,2020-07-19T21:02:16.821000,5,113.161.26.206,.Scan & Go.,3269,CPH1723,CPH1723,11549,11543
3510607,2020-07-01T09:07:21.775000,1,113.161.26.206,.Scan & Go.,3269,"iPhone8,2",aVBob25lICgyKQ==,146970,33980
9796127,2020-06-21T21:26:48.474000,9,113.161.26.206,.Scan & Go.,3269,CPH1825,CPH1825,26694,26694
10241121,2020-09-15T17:59:27.962000,30,113.161.26.206,empty,3269,SM-A217F,a21s,7904,7915
10378420,2020-10-15T19:02:36.316000,2,113.161.26.206,.Scan & Go.,3269,CPH1723,CPH1723,11549,11543
5278466,2020-09-26T17:52:45.620000,13,113.161.26.206,.Scan & Go.,3269,CPH2113,OP4BA5L1,5446,6752
255061,2020-06-18T15:56:17.203000,317,113.161.26.206,.Scan & Go.,3269,CPH1825,CPH1825,26694,26694
10142826,2020-08-29T14:09:34.952000,1,113.161.26.206,.Scan & Go.,3269,CPH1723,CPH1723,11549,11543
3613807,2020-07-24T21:24:41.703000,12,113.161.26.206,.Scan & Go.,3269,SM-C900F,c9lte,3509,3536
8168677,2020-09-12T21:47:53.074000,3,113.161.26.206,empty,3269,"iPhone7,1",QWRtaW5pc3RyYXRvcuKAmXMgaVBob25l,63673,4957
6728412,2020-08-25T18:44:10.622000,1,113.161.26.206,.Scan & Go.,3269,CPH1825,CPH1825,26694,26694
7551684,2020-08-21T19:22:09.553000,80,113.161.26.206,empty,3269,SM-A217F,a21s,7904,7915
6711967,2020-07-12T17:33:30.660000,49,113.161.26.206,#Vincom - MegaNet Free,3269,CPH1803,CPH1803,6753,6753
9123564,2020-11-22T17:17:34.664000,6,113.161.26.206,empty,3269,"iPhone9,1",aVBob25lICgyKQ==,41933,33980
9882346,2020-07-13T11:21:00.543000,1,113.161.26.206,.Scan & Go.,3269,SM-G570Y,on5xelte,6319,6331
765918,2021-03-25T19:46:01.378000,26,113.161.26.206,empty,3269,"iPhone13,4",QWRtaW5pc3RyYXRvcuKAmXMgaVBob25l,45209,4957
10682461,2021-01-09T18:26:13.095000,1,113.161.26.206,.Scan & Go.,3269,SM-A705F,a70q,19751,19937
6095304,2021-04-30T20:42:37.375000,19,113.161.26.206,empty,3269,SM-J730G,j7y17lte,36075,36406
9915625,2020-07-19T20:49:55.640000,1,113.161.26.206,.Scan & Go.,3269,SM-G570Y,on5xelte,6319,6331
6140227,2020-10-16T16:43:25.292000,40,113.161.26.206,empty,3269,SM-A705F,a70q,19751,19937
1693230,2020-08-29T16:59:37.853000,13,113.161.26.206,empty,3269,SM-A705F,a70q,19751,19937
9907190,2020-07-18T13:05:41.434000,51,113.161.26.206,empty,3269,SM-J730G,j7y17lte,36075,36406
11037207,2021-05-17T14:52:41.969000,66,113.161.26.206,.Scan & Go.,3269,CPH1825,CPH1825,26694,26694
9533676,2020-10-18T16:44:49.260000,3,113.161.26.206,empty,3269,"iPhone10,6",QWRtaW5pc3RyYXRvcuKAmXMgaVBob25l,104574,4957
10304811,2020-09-28T19:55:53.645000,39,113.161.26.206,.Scan & Go.,3269,SM-G570Y,on5xelte,6319,6331
6078623,2020-12-03T15:58:42.951000,4,113.161.26.206,.Scan & Go.,3269,"iPhone8,2",aVBob25lICgyKQ==,146970,33980
10142707,2020-08-29T13:40:45.729000,20,113.161.26.206,empty,3269,SM-M305M,m30lte,553,559
6610703,2020-10-08T11:20:13.630000,4,113.161.26.206,empty,3269,"iPhone10,5",aVBob25lICgyKQ==,97526,33980
5975406,2021-04-07T19:15:23.538000,4,113.161.26.206,empty,3269,"iPhone9,3",aVBob25lICgyKQ==,57940,33980
10353454,2020-10-10T13:11:08.415000,28,113.161.26.206,.Scan & Go.,3269,CPH2113,OP4BA5L1,5446,6752
9844816,2020-07-04T14:24:11.793000,1,113.161.26.206,.Scan & Go.,3269,CPH1825,CPH1825,26694,26694
9198722,2020-09-04T14:34:09.376000,9,113.161.26.206,.Scan & Go.,3269,CPH1723,CPH1723,11549,11543
10148827,2020-08-30T20:20:57.901000,1,113.161.26.206,.Scan & Go.,3269,CPH1723,CPH1723,11549,11543
486537,2020-07-05T11:10:30.711000,57,113.161.26.206,#Vincom - MegaNet Free,3269,SM-J730G,j7y17lte,36075,36406
9830074,2020-06-30T15:03:28.643000,1,113.161.26.206,.Scan & Go.,3269,SM-C900F,c9lte,3509,3536
10128291,2020-08-26T18:08:42.470000,13,113.161.26.206,empty,3269,SM-J730G,j7y17lte,36075,36406
5465728,2020-10-15T14:49:55.747000,6,113.161.26.206,empty,3269,"iPhone10,5",aVBob25lICgyKQ==,97526,33980
9949111,2020-07-25T16:28:54.178000,58,113.161.26.206,empty,3269,SM-N960F,crownlte,29713,30106
2392856,2020-10-01T21:08:22.813000,17,113.161.26.206,empty,3269,M2006C3LG,dandelion,1982,1983
10742420,2021-01-27T20:03:11.489000,13,113.161.26.206,empty,3269,"iPhone13,4",aVBob25lICgyKQ==,45209,33980
7073040,2020-07-11T16:11:10.458000,35,113.161.26.206,.Scan & Go.,3269,CPH1825,CPH1825,26694,26694
10125922,2020-08-26T09:22:38.273000,19,113.161.26.206,.Scan & Go.,3269,SM-J730G,j7y17lte,36075,36406
8142872,2020-06-30T12:47:04.545000,1,113.161.26.206,.Scan & Go.,3269,CPH1803,CPH1803,6753,6753
10780305,2021-02-06T16:52:00.139000,25,113.161.26.206,.Scan & Go.,3269,CPH2113,OP4BA5L1,5446,6752
10038258,2020-08-10T11:12:30.858000,14,113.161.26.206,empty,3269,SM-J730G,j7y17lte,36075,36406
10240045,2020-09-15T14:02:28.141000,4,113.161.26.206,empty,3269,"iPhone9,2",TG9hbiBUw6J5IOKdpO+4jw==,129245,1
9850354,2020-07-05T19:02:05.174000,24,113.161.26.206,.Scan & Go.,3269,CPH1825,CPH1825,26694,26694
8263614,2020-07-21T18:29:33.124000,14,113.161.26.206,empty,3269,SM-J730G,j7y17lte,36075,36406
6588108,2020-07-14T10:45:10.920000,50,113.161.26.206,.Scan & Go.,3269,CPH1803,CPH1803,6753,6753
7157868,2020-07-15T11:12:40.740000,2,113.161.26.206,.Scan & Go.,3269,CPH1803,CPH1803,6753,6753
6313990,2020-06-27T20:13:19.730000,1,113.161.26.206,.Scan & Go.,3269,SM-C900F,c9lte,3509,3536
9848132,2020-07-05T10:31:10.836000,5,113.161.26.206,.Scan & Go.,3269,CPH1923,OP486C,4322,4322
8117003,2020-07-03T10:24:11.156000,32,113.161.26.206,empty,3269,SM-A705F,a70q,19751,19937
10748229,2021-01-29T18:08:30.547000,1,113.161.26.206,empty,3269,"iPhone8,2",aVBob25lICgyKQ==,146970,33980
10297284,2020-09-26T20:30:34.895000,17,113.161.26.206,.Scan & Go.,3269,CPH1825,CPH1825,26694,26694
10387574,2020-10-17T13:55:03.475000,9,113.161.26.206,.Scan & Go.,3269,CPH2113,OP4BA5L1,5446,6752
6322470,2020-08-06T14:33:04.710000,1,113.161.26.206,.Scan & Go.,3269,"iPhone8,2",aVBob25lICgyKQ==,146970,33980
10158953,2020-09-01T20:56:42.060000,1,113.161.26.206,.Scan & Go.,3269,CPH2113,OP4BA5L1,5446,6752
10081041,2020-08-17T20:43:18.891000,15,113.161.26.206,.Scan & Go.,3269,CPH1825,CPH1825,26694,26694
2643313,2020-11-28T09:41:55.314000,21,113.161.26.206,empty,3269,SM-J730G,j7y17lte,36075,36406
839194,2020-07-05T15:50:20.084000,70,113.161.26.206,empty,3269,SM-J730G,j7y17lte,36075,36406
10113752,2020-08-23T20:43:58.824000,12,113.161.26.206,empty,3269,SM-J730G,j7y17lte,36075,36406
9860438,2020-07-08T10:01:33.522000,7,113.161.26.206,.Scan & Go.,3269,CPH1825,CPH1825,26694,26694
8987219,2020-09-07T16:31:14.179000,52,113.161.26.206,.Scan & Go.,3269,CPH2113,OP4BA5L1,5446,6752
2223253,2020-07-14T21:24:57.772000,23,113.161.26.206,empty,3269,SM-J730G,j7y17lte,36075,36406
10359171,2020-10-11T17:03:13.841000,15,113.161.26.206,.Scan & Go.,3269,CPH2113,OP4BA5L1,5446,6752
6193317,2020-07-12T10:04:00.815000,15,113.161.26.206,.Scan & Go.,3269,CPH1723,CPH1723,11549,11543
10318665,2020-10-02T13:37:27.825000,11,113.161.26.206,empty,3269,SM-J730G,j7y17lte,36075,36406
8503414,2020-12-19T14:40:39.019000,1,113.161.26.206,.Scan & Go.,3269,CPH1723,CPH1723,11549,11543
4473826,2020-07-15T11:53:59.036000,9,113.161.26.206,empty,3269,"iPhone10,2",TMOqIE3hu7k=,69558,4
5933608,2020-07-10T19:43:46.149000,7,113.161.26.206,empty,3269,JKM-LX2,HWJKM-H,4537,4548
1860303,2020-07-12T08:33:51.264000,16,113.161.26.206,empty,3269,SM-J730G,j7y17lte,36075,36406
3534264,2020-11-13T09:14:55.094000,56,113.161.26.206,.Scan & Go.,3269,SM-J730G,j7y17lte,36075,36406
6751676,2020-09-12T20:09:11.542000,34,113.161.26.206,.Scan & Go.,3269,CPH2036,OP4C5FL1,509,512
9948436,2020-07-25T13:01:17.653000,1,113.161.26.206,.Scan & Go.,3269,CPH1803,CPH1803,6753,6753
10856945,2021-03-06T20:15:06.697000,36,113.161.26.206,empty,3269,SM-J730G,j7y17lte,36075,36406
10244808,2020-09-16T12:52:41.639000,84,113.161.26.206,.Scan & Go.,3269,CPH2113,OP4BA5L1,5446,6752
9858954,2020-07-07T19:49:46.427000,5,113.161.26.206,empty,3269,SM-J730G,j7y17lte,36075,36406
10145846,2020-08-30T10:21:25.671000,1,113.161.26.206,.Scan & Go.,3269,CPH1723,CPH1723,11549,11543
1286235,2020-07-13T20:11:38.452000,8,113.161.26.206,empty,3269,SM-J730G,j7y17lte,36075,36406
10209422,2020-09-10T11:27:26.856000,11,113.161.26.206,empty,3269,SM-J730G,j7y17lte,36075,36406
9880220,2020-07-12T19:55:37.572000,22,113.161.26.206,empty,3269,SM-J730G,j7y17lte,36075,36406
2996716,2020-06-16T16:27:13.370000,20,113.161.26.206,empty,3269,SM-J730G,j7y17lte,36075,36406
10169887,2020-09-04T08:46:26.018000,5,113.161.26.206,empty,3269,"iPhone11,6",aVBob25lICgyKQ==,225932,33980
2963637,2020-08-31T15:58:12.373000,21,113.161.26.206,empty,3269,SM-J730G,j7y17lte,36075,36406
5671090,2020-10-16T21:02:28.162000,10,113.161.26.206,empty,3269,"iPhone9,2",aVBob25lICgyKQ==,129245,33980
9909153,2020-07-18T19:20:27.703000,20,113.161.26.206,empty,3269,SM-A530F,jackpotlte,6116,6150
8160679,2020-10-16T14:32:48.771000,38,113.161.26.206,empty,3269,SM-A530F,jackpotlte,6116,6150
10331304,2020-10-05T16:08:36.683000,23,113.161.26.206,empty,3269,SM-A530F,jackpotlte,6116,6150
1087035,2020-08-17T20:11:00.406000,18,113.161.26.206,empty,3269,SM-G950F,dreamlte,9820,9727
9869330,2020-07-10T15:58:18.707000,1,113.161.26.206,empty,3269,SM-G965U1,star2qlteue,1047,1047
10230463,2020-09-13T17:32:36.989000,16,113.161.26.206,empty,3269,SM-A217F,a21s,7904,7915
10107677,2020-08-22T20:18:13.369000,7,113.161.26.206,empty,3269,SM-G965U1,star2qlteue,1047,1047
14729,2021-06-12T12:54:44.020000,4,113.161.26.206,empty,3269,"iPhone13,4",aVBob25lICgyKQ==,45209,33980
2113650,2020-06-14T16:22:03.385000,57,113.161.26.206,.Scan & Go.,3269,CPH1803,CPH1803,6753,6753
8538374,2021-05-17T19:44:49.374000,15,113.161.26.206,empty,3269,SM-A725F,a72q,882,882
1004852,2020-07-20T11:38:44.461000,2,113.161.26.206,empty,3269,SM-A217F,a21s,7904,7915
3792868,2021-01-02T19:54:48.914000,51,113.161.26.206,.Scan & Go.,3269,CPH2113,OP4BA5L1,5446,6752
3208098,2020-08-22T19:38:38.711000,25,113.161.26.206,empty,3269,SM-A530F,jackpotlte,6116,6150
6798668,2020-11-15T18:25:28.034000,13,113.161.26.206,empty,3269,"iPhone12,5",aVBob25lICgyKQ==,141807,33980
8636296,2020-11-14T17:26:02.404000,16,113.161.26.206,empty,3269,"iPhone10,6",U8OzYyBOaMOtbQ==,104574,5
5601284,2020-09-11T03:04:56.779000,47,113.161.26.206,.Scan & Go.,3269,SM-G935F,hero2lte,8350,8292
1660226,2020-10-03T11:50:51.929000,5,113.161.26.206,empty,3269,"iPhone7,2",c2luaOKAmXMgaVBob25l,88721,1
10380023,2020-10-16T08:45:22.561000,30,113.161.26.206,.Scan & Go.,3269,CPH2036,OP4C5FL1,509,512
3937533,2021-05-15T16:39:29.234000,9,113.161.26.206,empty,3269,"iPhone13,4",YWRtaW7igJlzIGlQaG9uZQ==,45209,1108
10113985,2020-08-23T21:17:55.407000,2,113.161.26.206,empty,3269,"iPhone11,6",aVBob25lIGPhu6dhIGjhuqNp,225932,36
4352101,2020-09-22T20:58:44.491000,4,113.161.26.206,.Scan & Go.,3269,"iPhone10,1",aVBob25lICgyKQ==,12638,33980
8811100,2020-08-26T18:50:36.575000,9,113.161.26.206,.Scan & Go.,3269,CPH1923,OP486C,4322,4322
2967144,2020-07-30T16:31:52.660000,1,113.161.26.206,.Scan & Go.,3269,CPH1803,CPH1803,6753,6753
10256737,2020-09-18T19:01:08.589000,32,113.161.26.206,.Scan & Go.,3269,CPH2113,OP4BA5L1,5446,6752
2548394,2020-06-29T15:36:12.522000,7,113.161.26.206,empty,3269,SM-A530F,jackpotlte,6116,6150
4769671,2021-05-26T10:22:56.779000,9,113.161.26.206,empty,3269,"iPhone10,5",SHV5ZW4gUGhhbg==,97526,13
10264855,2020-09-20T10:09:04.531000,15,113.161.26.206,.Scan & Go.,3269,CPH1923,OP486C,4322,4322
10112868,2020-08-23T18:39:17.551000,6,113.161.26.206,empty,3269,SM-J730G,j7y17lte,36075,36406
9874974,2020-07-11T19:18:43.309000,1,113.161.26.206,.Scan & Go.,3269,CPH1803,CPH1803,6753,6753
9907630,2020-07-18T14:57:07.539000,1,113.161.26.206,.Scan & Go.,3269,SM-G531H,grandprimeve3g,240,240
10090941,2020-08-19T18:58:21.490000,1,113.161.26.206,.Scan & Go.,3269,CPH1923,OP486C,4322,4322
10155739,2020-09-01T10:08:21.240000,36,113.161.26.206,empty,3269,SM-J600G,j6lte,9559,9584
1284394,2021-01-02T17:33:32.179000,1,113.161.26.206,.Scan & Go.,3269,SM-G531H,grandprimeve3g,240,240
8516075,2020-06-15T11:25:06.737000,15,113.161.26.206,.Scan & Go.,3269,"iPhone7,1",aVBob25lICgyKQ==,63673,33980
4285870,2021-10-06T16:10:39.301000,1,113.161.26.206,empty,3269,SM-J730G,j7y17lte,36075,36406
4876694,2020-11-01T20:01:10.146000,5,113.161.26.206,empty,3269,"iPhone9,2",dGhpZW4gYmFv4oCZcyBpUGhvbmU=,129245,1
10259604,2020-09-19T11:14:07.340000,4,113.161.26.206,.Scan & Go.,3269,"iPhone7,1",QXBwbGVOYW3igJlzIGlQaG9uZQ==,63673,1
1902961,2021-04-29T18:48:05.526000,6,113.161.26.206,empty,3269,"iPhone10,2",aVBob25lIGPhu6dhIExvbmc=,69558,649
9799510,2020-06-22T18:59:16.866000,23,113.161.26.206,empty,3269,Joy 2+,V420A,22129,22129
9619935,2021-01-22T19:50:22.754000,35,113.161.26.206,exception,3269,CPH2109,OP4BA5L1,1302,6752
254481,2020-07-16T16:31:29.204000,1,113.161.26.206,.Scan & Go.,3269,CPH1803,CPH1803,6753,6753
10171522,2020-09-04T15:49:20.294000,2,113.161.26.206,empty,3269,"iPhone10,5",aVBob25lICgyKQ==,97526,33980
8765214,2020-07-30T09:24:18.674000,1,113.161.26.206,.Scan & Go.,3269,CPH1923,OP486C,4322,4322
1355974,2020-07-18T09:11:15.163000,7,113.161.26.206,empty,3269,SM-J730G,j7y17lte,36075,36406
8133347,2020-11-06T14:22:02.663000,1,113.161.26.206,.Scan & Go.,3269,CPH1803,CPH1803,6753,6753
2970734,2020-06-26T20:28:35.007000,17,113.161.26.206,empty,3269,SM-J730G,j7y17lte,36075,36406
9758383,2020-06-14T12:31:43.456000,1,113.161.26.206,.Scan & Go.,3269,CPH1803,CPH1803,6753,6753
8248124,2020-10-25T17:28:53.112000,23,113.161.26.206,.Scan & Go.,3269,CPH1859,CPH1859,1196,1196
3147368,2021-05-29T11:02:37.901000,11,113.161.26.206,empty,3269,"iPhone13,4",aVBob25lIGPhu6dhIFRpw6pu,45209,165
1757543,2020-11-01T14:40:52.932000,21,113.161.26.206,empty,3269,vivo 1723,1723,1285,1283
899253,2020-09-16T19:36:16.878000,2,113.161.26.206,empty,3269,"iPhone9,3",UGjhuqFtIEhp4bq/dQ==,57940,7
1625593,2020-07-05T14:27:52.662000,25,113.161.26.206,empty,3269,SM-J600G,j6lte,9559,9584
5068944,2020-08-17T09:42:07.316000,38,113.161.26.206,.Scan & Go.,3269,SM-J600G,j6lte,9559,9584
9884660,2020-07-13T19:25:45.500000,26,113.161.26.206,.Scan & Go.,3269,CPH1803,CPH1803,6753,6753
9968606,2020-07-28T18:13:14.526000,9,113.161.26.206,.Scan & Go.,3269,CPH1923,OP486C,4322,4322
1362837,2021-02-23T11:11:05.896000,22,113.161.26.206,empty,3269,SM-J600G,j6lte,9559,9584
10294931,2020-09-26T09:47:28.358000,9,113.161.26.206,.Scan & Go.,3269,CPH1923,OP486C,4322,4322
7281845,2020-08-17T20:36:27.667000,17,113.161.26.206,empty,3269,SM-J600G,j6lte,9559,9584
10364834,2020-10-12T19:40:20.282000,3,113.161.26.206,.Scan & Go.,3269,CPH1803,CPH1803,6753,6753
6166987,2020-09-20T16:19:16.280000,52,113.161.26.206,empty,3269,SM-J600G,j6lte,9559,9584
9768440,2020-09-16T11:17:18.791000,2,113.161.26.206,empty,3269,"iPhone10,6",VGFtdGFuZw==,104574,1
10156646,2020-09-01T13:41:10.793000,46,113.161.26.206,empty,3269,SM-J600G,j6lte,9559,9584
6287116,2021-04-29T10:48:47.408000,19,113.161.26.206,empty,3269,CPH2159,OP4F25L1,6122,6122
10093067,2020-08-20T09:01:25.711000,1,113.161.26.206,.Scan & Go.,3269,SM-A800F,a8elte,360,366
9838211,2020-07-02T18:59:41.165000,122,113.161.26.206,empty,3269,SM-N770F,r7,10784,10781
3152925,2020-09-11T03:05:02.478000,6,113.161.26.206,empty,3269,SM-J600G,j6lte,9559,9584
9887412,2020-07-14T13:02:54.631000,8,113.161.26.206,empty,3269,Joy 2+,V420A,22129,22129
11065621,2021-05-27T16:38:59.950000,34,113.161.26.206,empty,3269,CPH2159,OP4F25L1,6122,6122
4560689,2020-10-18T19:31:47.905000,5,113.161.26.206,empty,3269,"iPhone12,1",VOG7tyB04bu3IOKdpO+4jw==,106853,1
2823921,2020-12-13T14:23:28.765000,3,113.161.26.206,empty,3269,"iPhone10,5",8J+SlVJPU0UgVsWo8J+SlQ==,97526,1
1022403,2020-07-03T12:56:10.986000,109,113.161.26.206,empty,3269,SM-N770F,r7,10784,10781
9946879,2020-07-25T08:38:45.884000,31,113.161.26.206,empty,3269,Redmi Note 7,lavender,18603,18607
9938362,2020-07-23T17:12:15.341000,1,113.161.26.206,.Scan & Go.,3269,X9009,X9009,1780,1780
11608948,2021-10-04T20:28:21.752000,1,113.161.26.206,empty,3269,"iPhone11,6",TeG6uSBHaW4=,225932,6
2093001,2020-10-18T19:46:14.631000,4,113.161.26.206,empty,3269,"iPhone9,1",RGnDqm4gRGnDqm4=,41933,31
2974463,2020-07-09T08:40:19.279000,21,113.161.26.206,empty,3269,SM-J600G,j6lte,9559,9584
10055695,2020-08-13T10:37:56.542000,1,113.161.26.206,.Scan & Go.,3269,X9009,X9009,1780,1780
10127283,2020-08-26T15:10:56.702000,1,113.161.26.206,empty,3269,SM-J600G,j6lte,9559,9584
10266728,2020-09-20T15:44:26.669000,4,113.161.26.206,empty,3269,SM-J600G,j6lte,9559,9584
11465343,2021-08-24T20:29:22.738000,5,113.161.26.206,empty,3269,SM-N960F,crownlte,29713,30106
9085651,2020-08-11T16:07:48.981000,16,113.161.26.206,.Scan & Go.,3269,CPH1725,CPH1725,3540,3540
5652555,2020-09-13T11:08:37.013000,6,113.161.26.206,empty,3269,"iPhone8,1",SGFp4oCZcyBpUGhvbmU=,115085,159
10105443,2020-08-22T14:12:05.558000,15,113.161.26.206,.Scan & Go.,3269,CPH1859,CPH1859,1196,1196
10132574,2020-08-27T15:43:10.124000,21,113.161.26.206,empty,3269,Redmi Note 7,lavender,18603,18607
1397600,2020-07-28T10:31:34.511000,18,113.161.26.206,.Scan & Go.,3269,SM-G935F,hero2lte,8350,8292
10279020,2020-09-22T20:21:51.236000,74,113.161.26.206,.Scan & Go.,3269,SM-G935F,hero2lte,8350,8292
10316944,2020-10-01T21:21:52.955000,16,113.161.26.206,empty,3269,Redmi Note 7,lavender,18603,18607
11379998,2021-08-04T19:39:51.326000,2,113.161.26.206,empty,3269,Redmi Note 7,lavender,18603,18607
10531938,2020-11-25T18:05:13.603000,6,113.161.26.206,empty,3269,"iPhone8,1",NjI5LUhUS1Qy4oCZcyBpUGhvbmU=,115085,1
531418,2020-10-02T16:22:14.945000,15,113.161.26.206,empty,3269,"iPhone12,1",aVBob25lWWVu,106853,4
10369199,2020-10-13T18:57:31.273000,13,113.161.26.206,.Scan & Go.,3269,CPH1859,CPH1859,1196,1196
4395905,2020-09-27T17:08:09.766000,7,113.161.26.206,empty,3269,Redmi Note 7,lavender,18603,18607
10117210,2020-08-24T15:44:16.461000,7,113.161.26.206,empty,3269,Redmi Note 7,lavender,18603,18607
10053409,2020-08-12T19:30:10.624000,18,113.161.26.206,.Scan & Go.,3269,CPH1859,CPH1859,1196,1196
6183891,2020-10-16T16:43:15.379000,8,113.161.26.206,.Scan & Go.,3269,Redmi Note 7,lavender,18603,18607
11434310,2021-08-20T12:31:39.484000,11,113.161.26.206,.VM Tuoi Ngon Thuong Hang,3269,"iPhone7,2",QnJvbuKAmXMgaVBob25l,88721,1
10334190,2020-10-06T09:43:07.808000,308,113.161.26.206,.Scan & Go.,3269,SM-A800F,a8elte,360,366
9751164,2020-06-13T12:48:35.124000,2,113.161.26.206,.Scan & Go.,3269,CPH1801,CPH1801,3629,3629
4413738,2020-09-12T13:50:08.334000,37,113.161.26.206,empty,3269,SM-A920F,a9y18qlte,11447,11447
5463582,2020-07-25T16:11:18.208000,1,113.161.26.206,.Scan & Go.,3269,CPH1801,CPH1801,3629,3629
10304728,2020-09-28T19:36:13.189000,19,113.161.26.206,.Scan & Go.,3269,CPH1923,OP486C,4322,4322
5568725,2021-07-20T09:27:25.031000,3,113.161.26.206,empty,3269,SM-A920F,a9y18qlte,11447,11447
11485153,2021-08-27T10:04:32.491000,2,113.161.26.206,.VM Tuoi Ngon Thuong Hang,3269,CPH1801,CPH1801,3629,3629
2406566,2020-09-04T20:48:34.929000,39,113.161.26.206,empty,3269,SM-A920F,a9y18qlte,11447,11447
10072183,2020-08-16T09:43:05.258000,15,113.161.26.206,empty,3269,SM-A920F,a9y18qlte,11447,11447
7347533,2020-09-29T17:17:23.670000,1,113.161.26.206,.Scan & Go.,3269,CPH1801,CPH1801,3629,3629
7001099,2021-02-28T12:15:30.847000,29,113.161.26.206,empty,3269,SM-A920F,a9y18qlte,11447,11447
4423649,2021-01-31T16:19:24.521000,3,113.161.26.206,empty,3269,"iPhone9,2",aVBob25lIGPhu6dhIFR1eeG7gW4=,129245,147
10291430,2020-09-25T14:50:44.285000,11,113.161.26.206,.Scan & Go.,3269,CPH1801,CPH1801,3629,3629
4242541,2020-08-17T19:08:53.011000,3,113.161.26.206,.Scan & Go.,3269,CPH1801,CPH1801,3629,3629
8193364,2021-02-21T12:16:48.242000,1,113.161.26.206,.Scan & Go.,3269,CPH1801,CPH1801,3629,3629
9813099,2020-09-26T19:53:37.294000,9,113.161.26.206,empty,3269,"iPhone10,6",aVBob25lIGPhu6dhIHRo4bqjbw==,104574,126
9852204,2020-07-06T10:09:18.994000,22,113.161.26.206,empty,3269,ANE-LX2,HWANE,3510,3713
10156713,2020-09-01T14:01:34.899000,6,113.161.26.206,empty,3269,"iPhone9,2",aVBob25lIGPhu6dhIEjDoA==,129245,1166
8546567,2020-09-16T08:16:29.753000,46,113.161.26.206,.Scan & Go.,3269,SM-A015F,a01q,930,931
5945204,2020-07-05T09:52:32.948000,17,113.161.26.206,empty,3269,SM-A305F,a30,13732,13840
11032027,2021-05-15T14:33:01.208000,15,113.161.26.206,empty,3269,SM-A920F,a9y18qlte,11447,11447
3082309,2020-06-21T17:58:47.544000,2,113.161.26.206,.Scan & Go.,3269,Redmi Note 5A,ugglite,178,143
10077947,2020-08-17T11:08:42.892000,10,113.161.26.206,empty,3269,SM-A305F,a30,13732,13840
10372371,2020-10-14T14:15:50.024000,7,113.161.26.206,empty,3269,SM-A305F,a30,13732,13840
9763739,2020-06-15T15:39:36.136000,1,113.161.26.206,empty,3269,SM-A305F,a30,13732,13840
4248850,2020-09-18T20:20:45.338000,32,113.161.26.206,empty,3269,SM-A305F,a30,13732,13840
9875213,2020-07-11T20:03:26.051000,4,113.161.26.206,empty,3269,SM-A305F,a30,13732,13840
3050760,2021-05-01T19:50:40.642000,21,113.161.26.206,empty,3269,"iPhone10,6",aVBob25lIDEy,104574,254
10616851,2020-12-17T18:52:13.466000,39,113.161.26.206,empty,3269,Mi A2 Lite,daisy_sprout,2032,2030
10216648,2020-09-11T17:34:28.897000,10,113.161.26.206,empty,3269,"iPhone10,6",4p2k77iP8J+Qt+KdpO+4jw==,104574,1
10107395,2020-08-22T19:40:07.371000,2,113.161.26.206,empty,3269,"iPhone12,1",aVBob25lIGPhu6dhIFF1w70=,106853,113
10898434,2021-03-25T18:29:08.085000,1,113.161.26.206,empty,3269,Redmi Note 9S,curtana,7315,7335
3152802,2020-09-03T15:08:17.149000,24,113.161.26.206,.Scan & Go.,3269,LG-H870DS,lucye,98,1627
10149231,2020-08-30T21:22:45.640000,13,113.161.26.206,empty,3269,SM-A305F,a30,13732,13840
10196582,2020-09-08T11:50:49.128000,2,113.161.26.206,empty,3269,SM-A305F,a30,13732,13840
10147029,2020-08-30T15:29:11.380000,2,113.161.26.206,empty,3269,"iPhone9,4",aVBob25lIDcgUGx1Yg==,175338,1
6853266,2020-09-02T19:22:48.572000,18,113.161.26.206,empty,3269,SM-A305F,a30,13732,13840
10600983,2020-12-12T20:30:00.168000,19,113.161.26.206,empty,3269,SM-A305F,a30,13732,13840
10391354,2020-10-18T09:21:16.343000,1,113.161.26.206,.Scan & Go.,3269,vivo 1718,1718,1026,1026
4490927,2021-04-03T13:30:45.918000,2,113.161.26.206,empty,3269,"iPhone9,2",VGnDqm4gdGnDqm4=,129245,12
10335294,2020-10-06T13:51:34.659000,2,113.161.26.206,.Scan & Go.,3269,W_P200CM,W_P200CM,72,72
9868926,2020-07-10T14:24:23.025000,1,113.161.26.206,.Scan & Go.,3269,vivo 1718,1718,1026,1026
92599,2021-01-01T11:26:34.568000,2,113.161.26.206,empty,3269,"iPhone11,6",aVBob25lIGPhu6dhIFRyaW5o,225932,419
10348093,2020-10-09T09:33:22.427000,102,113.161.26.206,.Scan & Go.,3269,RMX1943,RMX1943,632,632
2845358,2020-07-22T16:00:20.619000,1,113.161.26.206,.Scan & Go.,3269,vivo 1718,1718,1026,1026
10322866,2020-10-03T15:10:30.191000,19,113.161.26.206,.Scan & Go.,3269,CPH2061,OP4C77L1,1795,1795
10767524,2021-02-03T20:08:15.736000,16,113.161.26.206,empty,3269,SM-A305F,a30,13732,13840
10558878,2020-12-04T17:25:21.022000,1,113.161.26.206,.Scan & Go.,3269,OPPO A57,A57,124,128
6865616,2020-09-22T10:40:09.365000,4,113.161.26.206,empty,3269,"iPhone8,1",SGnhur91IExvbmfwn5iN,115085,1
9817048,2020-06-27T09:24:09.114000,2,113.161.26.206,empty,3269,Redmi Note 9S,curtana,7315,7335
10118782,2020-08-24T20:05:25.313000,3,113.161.26.206,empty,3269,"iPhone9,4",Q8O0IGLDqSBLaGE=,175338,1
10227562,2020-09-13T11:24:48.407000,3,113.161.26.206,empty,3269,"iPhone7,1",aVBob25lIGPhu6dhIE5ndXnhu4Vu,63673,495
10156589,2020-09-01T13:24:26.975000,63,113.161.26.206,.Scan & Go.,3269,CPH2061,OP4C77L1,1795,1795
11548590,2021-09-11T11:03:12.551000,2,113.161.26.206,empty,3269,"iPhone12,1",SOG6o2kgRHV5w6pu,106853,6
8317880,2020-09-27T20:35:27.375000,3,113.161.26.206,empty,3269,"iPhone12,1",aVBob25lIGPhu6dhIFV5ZW5UaHk=,106853,1
8138791,2020-10-16T20:26:51.866000,2,113.161.26.206,empty,3269,"iPhone11,2",aVBob25lIFhT,53515,309
7184640,2021-05-03T21:16:56.630000,7,113.161.26.206,.Scan & Go.,3269,"iPhone7,2",TmfDtCBTxrDGoW5n,88721,1
10156462,2020-09-01T12:50:37.253000,8,113.161.26.206,.Scan & Go.,3269,RMX1943,RMX1943,632,632
3676167,2020-09-22T11:33:59.419000,4,113.161.26.206,empty,3269,"iPhone9,4",aVBob25lIGPhu6dhIFTDrG5o,175338,64
10382306,2020-10-16T16:44:26.319000,17,113.161.26.206,.Scan & Go.,3269,RMX1919,RMX1919,2767,2767
427517,2020-09-11T17:14:31.136000,11,113.161.26.206,empty,3269,"iPhone7,2",WMOobw==,88721,2
1654651,2021-04-14T20:09:16.689000,6,113.161.26.206,empty,3269,"iPhone12,5",aVBob25lIGPhu6dhIE3Ds20geGluaA==,141807,1
10277311,2020-09-22T15:33:34.433000,2,113.161.26.206,empty,3269,"iPhone11,6",VHJhbmcg8J+OhA==,225932,1
3516101,2020-07-01T16:02:57.613000,24,113.161.26.206,empty,3269,SM-N935F,gracerlte,3794,3783
9768335,2020-06-16T15:09:07.661000,1,113.161.26.206,.Scan & Go.,3269,SM-G610K,on7xeltektt,74,74
9918649,2020-09-03T15:06:32.747000,1,113.161.26.206,.Scan & Go.,3269,LG-H870DS,lucye,98,1627
10665649,2021-01-03T10:26:33.261000,6,113.161.26.206,empty,3269,CPH1901,CPH1901,2054,2054
10286216,2020-09-24T11:42:16.699000,14,113.161.26.206,.Scan & Go.,3269,RMX1919,RMX1919,2767,2767
10095379,2020-08-20T17:09:19.586000,2,113.161.26.206,.Scan & Go.,3269,CPH1901,CPH1901,2054,2054
9679403,2021-06-04T18:49:30.868000,1,113.161.26.206,empty,3269,"iPhone9,1",aVBob25lIGPhu6dhIFBoaW4=,41933,6
7185544,2020-12-11T20:09:38.062000,6,113.161.26.206,empty,3269,SM-M215F,m21,1784,1784
3461779,2020-07-27T17:23:02.635000,25,113.161.26.206,empty,3269,SM-N970F,d1,11566,11566
8271043,2021-04-27T13:09:24.378000,6,113.161.26.206,empty,3269,"iPhone10,6",VsawxqFuZyBBbuKAmXM=,104574,1
10377681,2020-10-15T16:46:17.380000,13,113.161.26.206,empty,3269,SM-M307F,m30s,1422,1429
2349857,2020-07-12T20:27:14.237000,3,113.161.26.206,.Scan & Go.,3269,CPH1901,CPH1901,2054,2054
11062321,2021-05-26T16:11:59.886000,4,113.161.26.206,.VM Tuoi Ngon Thuong Hang,3269,"iPhone7,2",4piY77iP,88721,22
10307599,2020-09-29T16:33:27.594000,32,113.161.26.206,empty,3269,SM-M215F,m21,1784,1784
9988657,2020-08-01T14:27:02.896000,20,113.161.26.206,empty,3269,SM-N970F,d1,11566,11566
1560036,2020-12-06T10:59:03.457000,4,113.161.26.206,.Scan & Go.,3269,CPH1901,CPH1901,2054,2054
9469119,2021-01-31T20:38:58.350000,2,113.161.26.206,empty,3269,"iPhone13,4",VsOibiBRdcOhY2gg,45209,1
4513743,2021-06-05T15:32:57.457000,7,113.161.26.206,empty,3269,"iPhone12,5",MTUxNy1IVEtU4oCZcyBpUGhvbmU=,141807,1
10995922,2021-05-02T10:26:57.280000,13,113.161.26.206,empty,3269,SM-N970F,d1,11566,11566
11070463,2021-05-29T12:21:40.166000,12,113.161.26.206,.VM Tuoi Ngon Thuong Hang,3269,RMX2194,RECE4244,928,930
8234793,2021-03-25T20:12:42.275000,4,113.161.26.206,.Scan & Go.,3269,"iPhone9,2",aVBob25lICgzKQ==,129245,5116
10160487,2020-09-02T09:44:48.891000,54,113.161.26.206,empty,3269,SM-G960F,starlte,5328,5276
9578676,2020-09-19T10:45:29.334000,4,113.161.26.206,empty,3269,"iPhone11,8",UGhhbiBUaHXhu7c=,41811,8
5848347,2021-01-22T18:32:24.373000,1,113.161.26.206,.Scan & Go.,3269,"iPhone9,4",VmFuIEFuaCAwODY4MTM5MjI5,175338,1
10778713,2021-02-06T13:13:49.870000,23,113.161.26.206,empty,3269,SM-N960F,crownlte,29713,30106
8114254,2020-07-08T18:35:31.318000,112,113.161.26.206,empty,3269,SM-N960F,crownlte,29713,30106
1579453,2020-08-24T14:45:30.807000,70,113.161.26.206,.Scan & Go.,3269,CPH2113,OP4BA5L1,5446,6752
10256506,2020-09-18T18:23:44.672000,18,113.161.26.206,.Scan & Go.,3269,SM-C710F,jadelte,11022,11022
8916182,2020-08-22T09:42:24.834000,1,113.161.26.206,empty,3269,SM-A207F,a20s,8819,8827
10160422,2020-09-02T09:35:26.040000,1,113.161.26.206,empty,3269,SM-A207F,a20s,8819,8827
5640657,2020-08-22T10:12:16.735000,1,113.161.26.206,.Scan & Go.,3269,CPH1819,CPH1819,14002,14002
3522723,2020-08-26T16:35:07.101000,33,113.161.26.206,.Scan & Go.,3269,CPH1819,CPH1819,14002,14002
9909586,2020-07-18T20:29:46.240000,10,113.161.26.206,empty,3269,SM-A107F,a10s,7653,7653
9754542,2020-06-13T20:32:08.650000,15,113.161.26.206,empty,3269,SM-G950F,dreamlte,9820,9727
10354177,2020-10-10T16:13:54.970000,13,113.161.26.206,.Scan & Go.,3269,Redmi Note 4,mido,4885,4708